project,views,processed_views
aa,480,20.79737103174603
aa.b,79,2.7996031746031744
aa.d,50,2.691666666666667
aa.m,86,5.065909090909091
aa.m.b,37,2.480769230769231
aa.m.d,16,1.7142857142857142
ab,5031,5.837624475197742
ab.d,49,1.038961038961039
ab.m,9886,2.666879024580578
ab.m.d,74,1.0
ace,2485,4.453560835174912
ace.m,5866,6.643072090059735
advisory.m,50,4.366666666666666
advisory.m.m,49,3.5294117647058822
ady,807,9.945847057683991
ady.m,273,3.1784655768208396
ae.m,4,4.0
af,49854,18.74097107505803
af.b,194,2.344367784992785
af.d,2246,6.143806628358438
af.m,77354,35.34614097304689
af.m.b,99,1.3791666666666667
af.m.d,8739,17.890309308148016
af.m.q,100,1.9545454545454546
af.q,168,3.2273809523809525
ak,908,94.33401955479161
ak.b,33,1.3529411764705883
ak.d,16,1.2777777777777777
ak.m,39967,640308.0494291248
ak.m.b,10,1.375
ak.m.d,25,1.2142857142857142
als,8592,4.072020261124548
als.m,9081,2.334316397431938
alt,1368,10.114150171796695
alt.m,391,3.67274564419785
am,3921,6.25581457637777
am.d,293,13.8838186618687
am.m,10307,3.357850216169165
am.m.d,152,1.4505952380952383
am.m.m,42,1.3660130718954249
am.m.q,116,2.2265625
am.q,740,4.375732724824544
ami,552,8.961655581842939
ami.m,607,1.8269657114665907
an,9112,2.8311056346552017
an.d,483,10.245096597110889
an.m,8616,2.793505388138314
an.m.d,329,1.1550252287916762
ang,4230,4.850898168537689
ang.b,987,2.7571928542562603
ang.d,337,18.03411495911496
ang.m,10324,1.9558838001837158
ang.m.b,2227,1.3063669904789872
ang.m.d,137,1.3317460317460317
ang.m.q,96,1.2
ang.m.s,1218,1.1947925422761185
ang.q,107,2.4800724637681157
ang.s,711,1.085295148686125
anp,2048,5.4730350361519235
anp.m,4862,14.312743919232695
api.m,1033,3.301356094858928
api.m.m,46,2.01510989010989
ar,564064,17.97546575094069
ar.b,572,2.739816452256408
ar.d,1751,9.174377951769214
ar.m,4480548,410.86222543680975
ar.m.b,1249,5.440558213807399
ar.m.d,6777,1.7806079434463615
ar.m.m,53,4.766666666666667
ar.m.n,1300,6.967416945653518
ar.m.q,4597,12.346797639151639
ar.m.s,56286,51.51341902785892
ar.m.v,3144,95.39802895803741
ar.n,1028,11.093021111341464
ar.q,1035,3.547086351263147
ar.s,7700,3.2263182294528394
ar.v,487,2.6196845156990087
arc,1052,4.518977304758483
arc.m,613,2.8223546662215537
ary,5406,15.677853024407801
ary.m,10402,2.5134227163798513
arz,32787,3.8317958189404666
arz.m,196420,6.835313640365448
as,8634,3.8844525146764677
as.b,97,3.983134920634921
as.d,76,4.075757575757576
as.m,55698,8.498769131915529
as.m.b,61,1.7142857142857142
as.m.d,62,1.2142857142857142
as.m.q,518,2.4293754868706072
as.m.s,10153,2.5840734208653493
as.q,162,3.8039682539682538
as.s,2699,2.6704640299449722
ast,19517,15.117334728183065
ast.b,121,2.4444805194805195
ast.d,1496,6.536310652646962
ast.m,25107,18.3439803338926
ast.m.b,99,1.519736842105263
ast.m.d,2026,1.7408766741225632
ast.m.q,85,1.6428571428571428
ast.q,205,1.4254901960784314
atj,673,12.693324321109648
atj.m,305,2.0673634114423587
av,10215,17.666246951445373
av.d,40,1.0
av.m,6230,1.6272398791394924
av.m.d,47,1.0
avk,2508,2.8193245746513913
avk.m,1596,1.2467433696010242
awa,1319,5.078083846841008
awa.m,3304,2.4830119573966702
ay,1280,4.2227564197788725
ay.b,66,1.7159090909090908
ay.d,1086,10.452215438606062
ay.m,824,2.57834762099077
ay.m.b,48,1.25
ay.m.d,82,2.8136363636363635
az,67217,8.150321126004599
az.b,401,2.5881855991230993
az.d,1423,1.5662914284866858
az.m,242902,46.92407615089122
az.m.b,890,2.6596438767357253
az.m.d,4378,10.733239935711106
az.m.m,20,4.8125
az.m.q,1570,3.873655788368662
az.m.s,6689,2.475485653159301
az.q,590,2.3687373925010986
az.s,1781,1.9118345999362392
azb,13918,1.751788370082598
azb.m,48994,4.777982914497469
ba,6797,2.7513799704836472
ba.b,225,1.8157274438524438
ba.m,4505,1.6738251174560617
ba.m.b,759,2.0469189050298073
ban,4391,2.3300647571970305
ban.m,5212,4.698390490920841
ban.m.s,4045,1.5344117741116623
ban.s,4253,288.6492101402726
bar,6530,3.662873156120691
bar.m,9735,2.4045346467988735
bat-smg,26874,2.8304297346552496
bat-smg.m,1158,1.8454038598605285
bbc,741,57.25889901104186
bbc.m,580,1.4786150610266247
bcl,5171,2.205917779548729
bcl.d,976,2.3042478775596793
bcl.m,23497,2.8929479567862386
bcl.m.d,2236,1.2717279281202267
bcl.m.q,87,1.0954545454545455
bcl.q,72,1.6406926406926408
bd.m,1517,95.16308086392736
bd.m.m,9598,3757.0477904002955
be,22157,3.772440985716766
be-tarask,11704,4.751183520199872
be-tarask.m,7864,2.0009604849867677
be.b,192,7.23510101010101
be.d,314,4.073848360570849
be.m,16718,2.7703531760038413
be.m.b,73,1.23265306122449
be.m.d,274,1.1300230566534915
be.m.m,1584,99.1626504096947
be.m.q,103,1.4022556390977443
be.m.s,25507,1.3474077845699184
be.q,240,41.614267676767675
be.s,2828,2.8196349430429146
beta.m.v,4476,1.8300410017462043
beta.v,2713,4.280600007974652
bew,1295,4.454320039669554
bew.m,1120,1.8471352329820803
bg,155245,7.320114399571317
bg.b,300,13.339037894472678
bg.d,4206,3.8888566543615055
bg.m,451390,28.909616624820814
bg.m.b,338,3.6628125422283033
bg.m.d,9287,1.7447734552636058
bg.m.n,222,2.2322557471264366
bg.m.q,1191,2.0675608048190965
bg.m.s,1087,3.9288043550495266
bg.n,460,34.33023922886539
bg.q,764,2.7523907794050895
bg.s,509,2.3179694509555033
bh,6289,2.7904773695519225
bh.d,41,4.5625
bh.m,29833,4.788975213771569
bh.m.d,19,2.1666666666666665
bi,1018,5.069107390398418
bi.b,46,1.3864795918367345
bi.d,14,1.9000000000000001
bi.m,518,2.7506066697678544
bi.m.b,11,1.4285714285714286
bi.m.d,14,1.0
bjn,2497,3.7359603866089213
bjn.d,159,9.110714285714286
bjn.m,2063,1.6439345439293864
bjn.m.d,100,1.3658333333333332
bjn.m.q,34,1.1153846153846154
bjn.q,77,5.276515151515151
blk,902,5.241527166947054
blk.d,130,6.170734126984127
blk.m,869,1.3306283162527788
blk.m.d,134,1.146218487394958
bm,790,6.553818706803657
bm.b,66,1.8421052631578947
bm.d,34,1.4357142857142857
bm.m,386,4.048492688679093
bm.m.b,39,1.7307692307692308
bm.m.d,23,1.3
bm.m.q,25,1.4285714285714286
bm.q,57,3.76984126984127
bn,85698,8.896835356882894
bn.b,1155,3.3117623359474546
bn.d,4325,23.693187886281905
bn.m,616811,62.08130145922184
bn.m.b,6630,24.52039861851486
bn.m.d,27446,127.96464991689832
bn.m.q,1787,5.700395302643383
bn.m.s,90896,3.71436733007285
bn.m.voy,1337,2.321359795510222
bn.q,614,3.3261293557659912
bn.s,4688,1.9938540632175201
bn.voy,440,2.994857748933836
bo,2380,3.1394703619151834
bo.b,37,1.0555555555555556
bo.d,62,2.105
bo.m,6167,1.5703156046455522
bo.m.b,61,1.1476190476190478
bo.m.d,20,1.2307692307692308
bpy,2689,3.5963562677122933
bpy.m,3658,5.258713987340594
br,8970,2.6258842963435476
br.d,1323,6.512964997310042
br.m,7100,1.8327012172396724
br.m.d,1717,1.3543551499807716
br.m.m,1043,2.4774396503094014
br.m.q,42,1.6235294117647059
br.m.s,7390,1.0966810648654655
br.q,91,3.4909090909090907
br.s,2068,1.6373950137508206
bs,28595,4.087331155036503
bs.b,153,2.548611111111111
bs.d,556,5.488922789701075
bs.m,71930,9.616916467508517
bs.m.b,186,6.238419913419914
bs.m.d,644,1.3998299296382217
bs.m.n,132,1.6649940968122785
bs.m.q,494,1.4262193740508569
bs.m.s,983,1.6090483064811272
bs.n,391,32.48561096554517
bs.q,385,1.6720978580953005
bs.s,559,3.2464268864014407
btm,817,36.49586233404292
btm.d,188,55.666666666666664
btm.m,380,1.9994619028691438
btm.m.d,33,2.4166666666666665
bug,1153,5.8645355156234125
bug.m,966,1.3614115050431452
bxr,1778,3.960447830639079
bxr.m,814,1.568837863204304
ca,126935,13.53287842953968
ca.b,1083,3.5181598181605764
ca.d,5066,4.09468334908582
ca.m,200112,18.58899554612146
ca.m.b,2932,1.4681863339496948
ca.m.d,11283,1.5154934565479932
ca.m.m,649,1.0130145969445996
ca.m.n,587,6.422717240427197
ca.m.q,597,5.765976176043644
ca.m.s,8907,1.7569217251871043
ca.n,851,17.87652226322766
ca.q,644,3.067730463396115
ca.s,2414,1.8825691368514024
cbk-zam,1752,4.466945176319194
cbk-zam.m,1942,2.3762721345721944
cdo,5201,3.4404770896829517
cdo.m,18673,1.4127574187386394
ce,9889,2.319351468746931
ce.m,3983,1.4971374278307101
ceb,28621,1.957753143132967
ceb.m,100349,2.5348509922779656
ch,1085,8.089297775512623
ch.b,31,3.230769230769231
ch.d,53,4.048611111111111
ch.m,1717,2.6586492320639254
ch.m.b,26,2.0606060606060606
ch.m.d,14,1.25
cho,250,21.819345238095238
cho.m,56,8.75925925925926
chr,1621,7.675642671551375
chr.d,262,19.87884199134199
chr.m,3709,2.1764839037943857
chr.m.d,65,1.4603174603174605
chy,753,7.731655774958205
chy.m,216,2.6994588166463167
ckb,11440,5.482645700324401
ckb.d,183,5.9178321678321675
ckb.m,17942,2.177155942880954
ckb.m.d,138,1.488328664799253
cn.m,55,5.203703703703704
cn.m.m,27,6.85
co,2307,3.8904319167635077
co.b,136,1.8363771645021645
co.d,496,12.51383854435325
co.m,1913,2.0207468062020015
co.m.b,44,1.225
co.m.d,460,1.1636876006441224
co.m.m,312,3.590554132006338
co.m.q,29,1.375
co.q,65,2.9411764705882355
commons.m,2047133,142.7623404767297
commons.m.m,1378666,809.7020761024897
cr,481,11.72685399431723
cr.d,28,3.425
cr.m,155,2.257936507936508
cr.m.d,8,4.0
cr.m.q,8,4.0
cr.q,11,1.375
crh,3866,2.8811574359927303
crh.m,2596,3.219413979861423
cs,653032,38.86994721063633
cs.b,3744,448.9528385071078
cs.d,13854,6.773519201132797
cs.m,1294072,97.05380288317052
cs.m.b,592,1.5869526266673735
cs.m.d,18396,2.2427229607076353
cs.m.n,484,2.3108598976954937
cs.m.q,1312,4.1222193597841335
cs.m.s,12310,1.9682352222110284
cs.m.v,425,1.5683133417508417
cs.m.voy,204,1.8886780331967499
cs.n,746,22.27242390918842
cs.q,1584,3.545748976223724
cs.s,3490,2.155410584862435
cs.v,802,10.082149742058967
cs.voy,618,7.018375540522279
csb,1704,4.141690077284846
csb.d,217,13.63931277056277
csb.m,1846,1.2121670885797313
csb.m.d,97,1.1640074211502782
cu,1093,6.066619653333217
cu.m,511,3.034897674144629
cv,6074,2.422312937509441
cv.b,70,3.159722222222222
cv.m,3827,1.7099677097421795
cv.m.b,56,1.4095238095238096
cy,20090,12.380818599987768
cy.b,56,4.842105263157895
cy.d,674,7.465088257453806
cy.m,71971,1.511341267806909
cy.m.b,32,1.2083333333333333
cy.m.d,1013,1.0971762831232492
cy.m.q,124,1.0925099206349207
cy.m.s,3403,1.3024982704549133
cy.q,166,2.688392857142857
cy.s,2556,2.3872155074391808
da,175469,28.418291095884356
da.b,427,3.9686634120022277
da.d,1512,7.43443841535911
da.m,494515,73.67844362339942
da.m.b,169,1.627733860342556
da.m.d,2320,1.1474770774592808
da.m.q,254,2.8443376068376067
da.m.s,2711,1.5650951282062364
da.q,296,3.8186214826839824
da.s,1426,2.7999345446743025
dag,2781,4.532528419018312
dag.m,3481,1.8212235116662754
de,8566481,3317.5226508109367
de.b,19483,3.9746430391537597
de.d,94014,20.542099729909282
de.m,15592172,1816.619823149359
de.m.b,27614,3.139715640891877
de.m.d,113251,8.469224004582138
de.m.n,1627,3.238836131534586
de.m.q,3304,4.36691065283147
de.m.s,103338,3.090282296664637
de.m.v,18056,1.2338958956121702
de.m.voy,37807,4.269797645541045
de.n,5850,52.59910306468807
de.q,3211,4.484291366950494
de.s,16707,5.277913332920503
de.v,71602,7.10633193914592
de.voy,13895,3.6203943651832677
dga,262,18.405627705627705
dga.m,132,1.6870292207792208
din,489,10.676306130074073
din.m,476,1.5773920167193152
diq,6063,4.894293369645453
diq.d,297,3.920708956115655
diq.m,18635,1.2587158809257437
diq.m.d,282,1.1915584415584415
dk.m,206,4.657954545454546
dk.m.m,44,1.378151260504202
dsb,1559,3.8743479261061506
dsb.m,1745,1.25984984455668
dtp,617,8.205512736901442
dtp.m,303,2.9845887698160425
dty,2281,3.199968888369815
dty.m,4364,1.7621215723861445
dv,2072,4.463775356459534
dv.d,183,11.823358585858585
dv.m,4797,1.7364137248712501
dv.m.d,64,1.631578947368421
dz,1069,5.243006550279421
dz.d,3,1.0
dz.m,2397,1.7839167074446953
dz.m.d,3,1.0
ec.m,1,1.0
ee,675,7.364833417234444
ee.m,359,3.1428077938104675
ee.m.m,57,2.2175925925925926
el,253222,16.03504962552565
el.b,372,5.294968259929897
el.d,62372,3.568414036582679
el.m,840408,305.943363726004
el.m.b,283,4.676062095220846
el.m.d,149099,8.083943791812265
el.m.n,424,10.202900699871325
el.m.q,748,1.789707015026846
el.m.s,7237,3.869323545654069
el.m.v,503,4.370473938767835
el.m.voy,2068,10.99340947183989
el.n,472,11.24823486617198
el.q,587,2.8402922526274574
el.s,3719,2.3666256066747255
el.v,521,7.300056212478572
el.voy,770,4.667009022358554
eml,2417,5.134858676481382
eml.m,4951,1.3174656983791027
en,81327767,14667.584263350427
en.b,182707,654.2059818589019
en.d,1327120,103.97515309451198
en.m,163111586,26733.747533221245
en.m.b,350940,1120.3369052706905
en.m.d,1143928,84.94242291576285
en.m.n,67916,10.76424229133945
en.m.q,277042,1646.4420979816148
en.m.s,297349,5.164326062445755
en.m.v,30044,11.992241802587694
en.m.voy,93740,8.821645064012026
en.n,19025,59.37854688711213
en.q,87887,760.2304299072526
en.s,398648,3049.727243909965
en.v,57994,999.0726909008663
en.voy,96971,812.4978186422135
eo,32659,14.24712202414089
eo.b,312,2.1277320505581376
eo.d,1251,2.0356700249825748
eo.m,13325,2.547308050461956
eo.m.b,423,1.649767356038641
eo.m.d,2516,1.1328715932401774
eo.m.n,376,3.624772277659506
eo.m.q,297,1.0784632034632033
eo.m.s,4266,1.1137077300619105
eo.m.voy,488,1.358930409377141
eo.n,1159,18.667986927733367
eo.q,933,2.551057866052125
eo.s,1671,3.24742151442112
eo.voy,403,1.826932879212291
es,6165915,586.2818662970086
es.b,6297,4.660524081890157
es.d,59909,3.5417473034437523
es.m,17997318,1447.703180613751
es.m.b,7812,2.8111843714757865
es.m.d,127642,6.115760193846079
es.m.n,1532,2.223073606472996
es.m.q,3490,3.7567227980133127
es.m.s,52009,4.097348438010165
es.m.v,1928,6.33434374312884
es.m.voy,3532,3.1919919826218464
es.n,3444,12.258013549087352
es.q,4276,9.194020612043472
es.s,37511,2.4837946452684614
es.v,1736,5.056729264972564
es.voy,2770,3.6082545339399665
et,91482,5.653654783892505
et.b,238,3.498642676767677
et.d,2176,6.889777183022404
et.m,123459,4.920969918028778
et.m.b,70,1.26
et.m.d,3826,1.1632857875045695
et.m.q,1268,3.176108469780049
et.m.s,1877,1.128141414783217
et.q,1250,1.8884390188659148
et.s,1115,3.9319788346920035
eu,31345,5.9039917913381075
eu.b,295,1.9057840707368738
eu.d,1068,8.470678886887756
eu.m,23745,12.869496682433528
eu.m.b,295,1.0458646616541354
eu.m.d,1794,1.061372739896883
eu.m.q,60,1.355263157894737
eu.m.s,1001,1.0890580278608266
eu.q,189,2.2086648913951543
eu.s,655,2.075277380800824
ext,1891,2.8345610381075983
ext.m,2561,3.177626502615267
fa,531242,28.33502590212204
fa.b,759,4.305539201346991
fa.d,2100,5.64342219763763
fa.m,7188973,770.9972165807095
fa.m.b,2290,7.09809623706279
fa.m.d,10066,5.621522301257277
fa.m.n,361,3.15718746482465
fa.m.q,5678,6.125959350118567
fa.m.s,12912,3.0667142735776953
fa.m.voy,1587,6.433745970673784
fa.n,618,26.60980183280127
fa.q,1288,2.7166748037999575
fa.s,3041,2.0873908750130377
fa.voy,627,2.3626838476598273
fat,297,29.021064814814817
fat.m,105,2.4075757575757577
fdc.m,7,1.3
fdc.m.m,1,1.0
ff,1643,12.66859426134475
ff.m,340,3.735822723285358
fi,408580,43.68785246585324
fi.b,1011,2.104573962211036
fi.d,16655,5.405736329186225
fi.m,1193754,99.09855757870088
fi.m.b,1258,2.048192245417822
fi.m.d,25474,2.42104196052259
fi.m.m,67,3.3333333333333335
fi.m.n,165,1.8897727272727274
fi.m.q,990,2.991434039371818
fi.m.s,2216,1.600512932004406
fi.m.v,224,1.5555555555555554
fi.m.voy,702,1.6816606959154161
fi.n,387,20.46150693239509
fi.q,878,2.2648988977275106
fi.s,1466,1.7754295438550625
fi.v,505,4.631227633696121
fi.voy,445,2.2324871043335004
fiu-vro,1915,2.9729224067392743
fiu-vro.m,1049,1.3114080859961723
fj,991,5.896362978662033
fj.d,646,6.0701100822698
fj.m,259,1.8482473544973546
fj.m.d,969,1.0314808314808315
fo,5101,2.491359658841752
fo.d,301,15.046868987493987
fo.m,11881,6.320942768462641
fo.m.d,126,1.1202898550724638
fo.m.s,289,2.223667952745967
fo.s,252,7.643705765134337
fon,400,12.243137900746596
fon.m,384,2.634194739915564
foundation.m,37604,146.89319013269406
foundation.m.m,150049,2133.3614985577115
fr,7357752,65476.74236121611
fr.b,7872,5.843022150967931
fr.d,138608,27.927784927547346
fr.m,14084612,2801.325682942322
fr.m.b,5331,5.757853830185698
fr.m.d,218657,17.46233799678618
fr.m.n,3157,25.75007581675028
fr.m.q,3447,3.005644000549628
fr.m.s,138741,2.4840590013286774
fr.m.v,12815,3.572870323560584
fr.m.voy,5166,2.579162863076159
fr.n,4081,43.516146055891
fr.q,4091,5.066630148282225
fr.s,50267,4.5738375930224295
fr.v,4963,3.2012842890869755
fr.voy,4034,3.1105916518141505
frp,2081,3.851492942998998
frp.m,2959,1.6865594545801603
frr,6067,3.200075763074505
frr.m,47488,1.6914366269363381
fur,1789,3.7449531069623903
fur.m,2670,1.3493950223717468
fy,9106,4.57897009876481
fy.b,105,4.533549783549784
fy.d,487,12.689970893908905
fy.m,7126,1.692964793604051
fy.m.b,54,1.2550000000000001
fy.m.d,494,1.0417881825776563
ga,17096,1180.7214497087166
ga.b,25,1.2142857142857142
ga.d,958,8.208077870081224
ga.m,26872,1.5522971321412367
ga.m.b,34,1.3626373626373627
ga.m.d,248,1.145343828320802
ga.m.q,12,1.375
ga.q,78,1.6378787878787877
gag,1415,5.223235097320487
gag.m,1937,1.8397772384511193
gan,11293,31.717300253094248
gan.m,13238,4.847431433735436
gcr,1130,4.148755198222056
gcr.m,1116,1.2242940261039332
gd,5321,2.194280854040146
gd.d,821,8.807134484825864
gd.m,9526,1.2666093723987446
gd.m.d,2408,1.167081638834918
ge.m,1907,415.6328899110149
ge.m.m,30,1.375
gl,32181,4.5488626998758015
gl.b,312,1.836019780872722
gl.d,1788,11.46045640697131
gl.m,30295,3.863726177625576
gl.m.b,207,1.3303342490842491
gl.m.d,3007,1.1020618323335662
gl.m.q,95,1.5125
gl.m.s,591,4.320858539055993
gl.q,221,1.9843795093795096
gl.s,597,4.025078526945144
glk,1203,16.219664585352664
glk.m,1690,3.2169188417274435
gn,3153,3.470207203742753
gn.b,19,1.375
gn.d,270,15.820585317460319
gn.m,4617,7.720755559193421
gn.m.b,29,1.0803571428571428
gn.m.d,371,1.839094223880408
gom,1484,4.797056418125643
gom.d,114,7.967391304347826
gom.m,4406,2.1867984943013856
gom.m.d,103,1.5386363636363638
gor,2175,13.050616875050023
gor.d,2301,7.907158390899984
gor.m,5180,2.8046014399115364
gor.m.d,466,3.1510450474565306
got,752,7.312818523621837
got.b,10,1.3
got.m,273,5.194518097643098
got.m.b,11,2.7142857142857144
gpe,1397,5.456172710363904
gpe.m,1530,1.779407941887188
gr.m,38,2.461111111111111
gr.m.m,27,5.0
gu,9521,3.9569077986459518
gu.b,37,1.5333333333333334
gu.d,366,14.537100155279504
gu.m,85627,96.76316502644102
gu.m.b,30,1.796875
gu.m.d,800,1.5296543612049616
gu.m.q,370,2.863776154401154
gu.m.s,14523,7.4264702459886225
gu.q,76,2.359090909090909
gu.s,2213,1.6207609364617375
guc,438,8.978985366485366
guc.m,479,2.290494403203248
gur,687,23.06226912701126
gur.m,862,3.9319375211155525
guw,914,10.52149118776274
guw.d,107,6.523913043478261
guw.m,1258,2.5747491510794416
guw.m.d,25,1.2
guw.m.n,49,1.5294117647058822
guw.m.q,52,1.325
guw.n,230,65.48958333333333
guw.q,64,2.2404761904761905
gv,3379,2.736218697508218
gv.d,183,16.660416666666666
gv.m,5958,1.276249071093935
gv.m.d,63,1.5833333333333333
ha,9399,7.787761758659944
ha.d,338,14.894890873015873
ha.m,23773,32.022126448703894
ha.m.d,300,4.293816304202333
hak,3053,2.6144154393498025
hak.m,2439,1.2491213268097325
haw,982,5.024051179774897
haw.m,719,1.7147207522567085
he,518480,31.37753718228313
he.b,2328,2.241253220664525
he.d,9005,4.587184700566115
he.m,1714714,544.1025203467541
he.m.b,1800,2.253437674174044
he.m.d,11585,8.108838110081242
he.m.n,232,2.7036299348799346
he.m.q,6281,9.200365363555022
he.m.s,140856,12.667073555686038
he.m.voy,1932,2.9536334731360867
he.n,399,34.36978672521436
he.q,3031,3.9461799204978227
he.s,52833,3.019494508996613
he.voy,1277,2.061724383652635
hi,116124,5.080777653746927
hi.b,1381,2.597550477353194
hi.d,3295,4.549631392040079
hi.m,1229112,106.54788521772305
hi.m.b,15398,37.644628152109036
hi.m.d,16502,24.33299075983619
hi.m.m,68,18.847368421052632
hi.m.q,764,5.587330736495118
hi.m.s,12641,2.296697219920159
hi.m.v,1365,5.176559071320175
hi.m.voy,902,11.038702662286367
hi.q,306,2.383390989457166
hi.s,4655,4.867464010653976
hi.v,474,3.067894438131903
hi.voy,238,4.9508597883597885
hif,4032,2.6616454259275115
hif.d,159,5.144820226070226
hif.m,7124,1.4955437086517158
hif.m.d,103,1.4253968253968254
ho,206,32.30902777777778
ho.m,29,2.65625
hr,106753,9.736782625337016
hr.b,349,2.411119725182225
hr.d,1471,4.665767998924495
hr.m,382225,92.3537213296196
hr.m.b,230,1.8844404472161826
hr.m.d,2134,1.71167624251724
hr.m.q,486,3.446766044627887
hr.m.s,5282,3.1647687796019794
hr.q,335,2.1164639439423922
hr.s,925,2.37783670950189
hsb,3063,2.5749781239330107
hsb.d,207,11.70560064935065
hsb.m,1978,1.808743299080845
hsb.m.d,124,1.1
ht,5012,2.393545826291629
ht.m,4248,1.5262887788768402
ht.m.s,858,15.309945859295567
ht.s,409,1.2525999549881974
hu,479453,44.683779496602945
hu.b,2424,2.030677845246293
hu.d,6277,2.8006457661925155
hu.m,1109547,443.12497441169336
hu.m.b,3239,3.3452947200444685
hu.m.d,53129,3.271066707594798
hu.m.n,237,8.034199134199135
hu.m.q,617,3.3352307968169397
hu.m.s,6111,1.336325170694703
hu.n,563,17.741825867369347
hu.q,646,3.9821066335388586
hu.s,1689,1.9455307360339045
hy,44162,5.535419023927031
hy.b,227,7.66400966183575
hy.d,4024,3.790042539066618
hy.m,149922,4.2398112127996175
hy.m.b,311,4.301358742267833
hy.m.d,14671,1.7495645640123592
hy.m.q,509,2.084832377824861
hy.m.s,15081,3.290251131503717
hy.q,383,1.7816779635315105
hy.s,3494,1.5580010350041744
hyw,2132,3.3023818130718103
hyw.m,2346,1.369947919209143
hz,202,21.45217391304348
hz.m,46,3.2777777777777777
ia,4912,2.565095160691499
ia.b,163,4.940589334907517
ia.d,333,20.5371236309739
ia.m,2285,1.6151193942551416
ia.m.b,26,1.375
ia.m.d,238,1.2952880452880453
id,716974,95.71067557830675
id.b,3485,4.246177741227797
id.d,15204,12.679706909638279
id.m,3414374,367.45075882002374
id.m.b,10452,26.82224879234137
id.m.d,91714,34.9972147678687
id.m.m,105,4.166856060606061
id.m.q,2098,7.932684280775668
id.m.s,14070,11.674324672288762
id.q,831,5.781422931733254
id.s,4835,19.668260988872166
ie,2490,2.7896085337922965
ie.b,103,6.335374149659864
ie.d,262,8.079189213564213
ie.m,1127,1.708766326604228
ie.m.b,27,1.7045454545454546
ie.m.d,170,1.222222222222222
ig,6623,14.373413267214817
ig.d,103,4.655797101449275
ig.m,31946,4944.345825495385
ig.m.d,103,1.2216931216931217
ig.m.q,209,3.2116612554112556
ig.q,123,1.8473214285714286
igl,251,24.537301587301588
igl.m,299,2.587995337995338
ii,79,1.7380952380952381
ii.m,44,1.222222222222222
ik,748,9.164535341820937
ik.d,77,8.92361111111111
ik.m,230,2.4512190355940358
ik.m.d,21,1.9166666666666667
il.m,7,1.0
ilo,4121,2.7424023458175455
ilo.m,3709,1.2161604708697134
incubator.m,17597,4.313114311546658
incubator.m.m,33905,2.95862081494838
inh,3326,6.2992408531303425
inh.m,710,3.0211646896356847
io,7103,2.2590449515258357
io.d,2042,5.74138186297121
io.m,33155,2.236717916236739
io.m.d,3687,1.1778726102231318
is,19518,3.4036351414865718
is.b,297,2.31068087005587
is.d,1510,8.719838576607737
is.m,22212,5.893687025959415
is.m.b,183,1.6234421304753786
is.m.d,2332,1.3040427568491038
is.m.q,87,1.5086956521739132
is.m.s,1601,1.3646761031191976
is.q,98,3.329710144927536
is.s,613,2.7831228200895537
it,3041898,398.65484269668417
it.b,5177,3.575516433610481
it.d,14100,3.5664226701055655
it.m,10333719,1238.6084409696343
it.m.b,5078,4.069666846212056
it.m.d,27017,2.3651241119015034
it.m.n,1548,1.7889221499794592
it.m.q,25431,6.703027776348648
it.m.s,117918,4.929942592905797
it.m.v,6391,3.1077840954922293
it.m.voy,9415,20.275941644680753
it.n,2875,37.824163857624185
it.q,13260,6.161220426465369
it.s,19140,10.90837824267905
it.v,3612,3.9818182677026814
it.voy,6272,12.160492036754428
iu,691,10.104852835673748
iu.d,359,9.068442205942207
iu.m,232,2.0726776695526694
iu.m.d,65,1.9345238095238095
ja,9325380,1409.232001752718
ja.b,21819,14.479718778882452
ja.d,46381,3.9406818255823612
ja.m,18040794,1364.8441719030743
ja.m.b,18534,5.28077762052766
ja.m.d,49196,4.221351444433501
ja.m.n,2422,7.139918710854807
ja.m.q,1325,3.520756084331127
ja.m.s,11654,7.2701586216207055
ja.m.v,1160,4.140714439684031
ja.m.voy,753,2.6099145407599695
ja.n,2664,8.354118928018433
ja.q,831,3.8793002680171824
ja.s,5963,4.371636018538985
ja.v,681,4.359911883244894
ja.voy,845,3.1176707208487713
jam,1170,4.805922997129244
jam.m,1340,1.6377470680749386
jbo,1253,4.908832370992317
jbo.d,211,7.402447089947089
jbo.m,1255,1.8120630576704049
jbo.m.d,82,1.1409090909090909
jv,10010,2.2141207090214867
jv.d,623,13.597640493646663
jv.m,25392,3.7193565649838884
jv.m.d,3142,7.434514911563581
jv.m.s,1440,1.2297115597122745
jv.s,1206,2.5956572199697647
ka,51564,7.478399013576872
ka.b,162,2.9616612554112556
ka.d,1093,10.53730360656467
ka.m,159038,29.884386743977018
ka.m.b,168,1.528888146167558
ka.m.d,1438,1.663889963134187
ka.m.q,421,2.386254424904126
ka.m.s,147,1.4313970588235294
ka.q,376,5.3766529163268295
ka.s,166,4.733247592665875
kaa,2113,4.262597195640505
kaa.d,84,8.904166666666667
kaa.m,2247,1.4528897007288493
kaa.m.d,38,2.1875
kab,1895,3.1931582029319348
kab.m,4649,1.195425142481297
kbd,894,8.189232538497889
kbd.d,410,3.590044162826421
kbd.m,341,2.1593945991730434
kbd.m.d,1377,3.6121186915174195
kbp,1044,5.002111253952497
kbp.m,1136,1.2796866538677742
kcg,6201,121.7869269823471
kcg.d,208,6.604666021113389
kcg.m,4779,24.52340191740088
kcg.m.d,185,1.391304347826087
kg,814,7.160760516979981
kg.m,273,1.987271698209198
ki,782,8.45933793850846
ki.m,221,2.803206168831169
kj,207,50.63958333333333
kj.m,41,6.066666666666666
kk,24028,2.5039706209254553
kk.b,340,4.341894771658199
kk.d,567,13.48826084494916
kk.m,78579,5.8978653318719125
kk.m.b,1540,8.069127578986327
kk.m.d,607,1.194500041152518
kk.m.q,142,5.97427536231884
kk.q,84,4.365646258503402
kl,638,10.582031819504406
kl.d,241,14.733333333333334
kl.m,265,2.176074735449735
kl.m.d,86,1.1300000000000001
km,14510,32.77073851711639
km.b,141,2.731884057971014
km.d,2281,2.8366461072819007
km.m,60929,208.61336015521704
km.m.b,263,2.1958827404479577
km.m.d,10379,3.4793199140253375
kn,15960,7.988414842600694
kn.b,35,2.0
kn.d,1968,6.73646124821057
kn.m,119736,13.316410501488148
kn.m.b,22,1.6428571428571428
kn.m.d,15380,9.400702350772258
kn.m.q,163,3.8024276377217556
kn.m.s,7172,4.563516374733873
kn.q,186,8.54472049689441
kn.s,2034,2.000791137398919
ko,655522,29.597541636741465
ko.b,952,2.182391550581475
ko.d,15901,3.2972819437320804
ko.m,1649887,280.2219012856728
ko.m.b,522,2.0360737110663076
ko.m.d,22472,2.5483687554301704
ko.m.n,186,1.3194805194805195
ko.m.q,1590,8.090001753671178
ko.m.s,15898,5.583432118806445
ko.m.v,282,1.2078062716531526
ko.n,697,21.00565279244884
ko.q,562,3.0752362703254477
ko.s,5920,3.4145667342191617
ko.v,450,2.7498631824579784
koi,703,6.78615072295603
koi.m,479,2.102962256891388
kr,128,17.648550724637683
kr.m,26,2.3461538461538463
kr.m.q,19,1.0
kr.q,37,1.5
krc,1366,4.630144177040104
krc.m,903,3.327369721314266
ks,2040,3.4190826004723673
ks.b,30,1.0
ks.d,194,8.26509722161896
ks.m,2922,1.342828262442149
ks.m.b,14,1.0
ks.m.d,200,1.2627450980392156
ks.m.q,4,1.0
ks.q,31,1.5
ksh,2214,4.2836917514904576
ksh.m,4372,1.4882028113261778
ku,11419,4.659692114113894
ku.b,111,2.3272727272727276
ku.d,4556,5.818466222353603
ku.m,43052,1.9661670380374203
ku.m.b,27,1.7384615384615385
ku.m.d,8107,2.15543342760941
ku.m.q,64,1.4125
ku.q,88,2.496969696969697
kus,198,42.23106060606061
kus.m,60,2.5
kv,1352,4.372628160712672
kv.m,656,1.8255402832324599
kw,3195,3.729655028829303
kw.d,153,16.063492063492063
kw.m,5036,1.322927472470933
kw.m.d,57,1.34375
kw.m.q,12,3.0
kw.q,42,4.839285714285714
ky,9065,22.8992102444778
ky.b,71,8.556818181818182
ky.d,837,7.090330673782225
ky.m,17141,3.765627500314752
ky.m.b,148,3.1445105820105823
ky.m.d,1416,1.084252669069348
ky.m.q,294,74.55072463768116
ky.q,102,6.58768115942029
la,19459,4.8324308987494655
la.b,1282,4.524711389492897
la.d,1429,12.374329911225571
la.m,50983,2.034522719932893
la.m.b,49,1.368421052631579
la.m.d,2442,1.5306594173587
la.m.q,98,1.2571428571428571
la.m.s,9976,1.5563523119166367
la.q,252,3.4583174072304503
la.s,4454,2.8854503029100362
lad,1572,3.6000533496989613
lad.m,1534,1.3251072334540657
lb,9354,3.61272352303736
lb.b,38,1.631578947368421
lb.d,441,4.7397042057887235
lb.m,7888,2.032396018027245
lb.m.b,22,1.0909090909090908
lb.m.d,600,1.1080193148978477
lb.m.q,41,1.125
lb.q,44,4.305555555555555
lbe,682,7.51783463564176
lbe.m,290,2.1496086962199494
lez,1222,3.7915317517099756
lez.m,742,1.5466720653665442
lfn,1724,3.7330103920236253
lfn.m,1303,1.3499141645998152
lg,904,8.898987517433948
lg.m,636,3.484067752352088
li,3564,2.651238300325589
li.b,132,3.732458121588557
li.d,1848,6.23938850819622
li.m,3598,11.187163509872118
li.m.b,56,1.411764705882353
li.m.d,2566,1.0431208187223469
li.m.n,102,2.35
li.m.q,80,1.075
li.m.s,415,1.3748548199767712
li.n,306,106.70703209833644
li.q,122,2.675482093663912
li.s,275,3.314330334832584
lij,2699,3.7320488823518296
lij.m,3671,1.344353694510214
lij.m.s,2348,1.0643890676528625
lij.s,971,2.844580347712451
lld,6696,1.9216853612309626
lld.m,12754,1.1253229760350205
lmo,6439,2.3050945853938725
lmo.d,743,5.258108694467252
lmo.m,11108,1.3602222803936173
lmo.m.d,700,1.1427253945543305
ln,1454,4.259614181927275
ln.b,18,1.3333333333333333
ln.d,185,12.556521739130435
ln.m,941,1.3774292865175293
ln.m.b,51,2.7564102564102564
ln.m.d,55,1.3888888888888888
lo,2413,3.411434554135564
lo.d,848,8.378240181671329
lo.m,8504,49.698877147755084
lo.m.d,1315,1.1037259864874052
lrc,188,28.547101449275363
lrc.m,78,7.654166666666667
lt,77128,7.136314981672199
lt.b,467,7.051501380344428
lt.d,2397,8.224834874028044
lt.m,134155,7.113971515359026
lt.m.b,325,1.2427062401200333
lt.m.d,4442,1.4156823710856434
lt.m.q,421,2.426239569609135
lt.m.s,595,1.5280421599827072
lt.q,423,2.5620076023720526
lt.s,389,2.609077136986344
ltg,710,7.7365364344021605
ltg.m,210,1.619751082251082
lv,48931,9.690154079829998
lv.b,55,4.355263157894737
lv.d,622,7.9841086320844985
lv.m,68184,8.278767589700143
lv.m.b,44,1.6397058823529411
lv.m.d,638,1.158341224292227
m.s,24485,14.24434109648783
m.w,71650,70.25555602907374
m.wd,310675,12.586335221767373
mad,613,6.4664736792406226
mad.m,649,1.7193878303903818
mai,3872,2.2827982560202464
mai.m,15123,1.5885928023226974
mai.m.m,19,9.857142857142858
map-bms,2498,3.666760845835371
map-bms.m,4157,17.3209262710938
mdf,2106,4.389566967685917
mdf.m,1171,1.176620507152111
meta.m,192355,68.11641703743705
meta.m.m,150214,23.966206972062672
mg,6314,2.455777377706095
mg.b,143,2.3681277056277055
mg.d,2672,3.439706193515855
mg.m,6054,1.3952565102717622
mg.m.b,73,2.899122807017544
mg.m.d,3260,1.1248743355856279
mh,221,19.1030303030303
mh.d,25,4.545454545454546
mh.m,34,3.1315789473684212
mh.m.d,20,1.95
mhr,2055,3.249151648558813
mhr.m,1912,1.8937347701970553
mi,3616,23.917660479706228
mi.b,12,1.1875
mi.d,384,6.658940995872814
mi.m,2263,1.6738606889807064
mi.m.b,15,2.4
mi.m.d,174,1.1006493506493507
min,3455,3.8428745125248125
min.d,208,6.513225600157418
min.m,19984,1.807253226531422
min.m.d,375,1.8628197722772504
mk,24635,3.5910229999760457
mk.b,263,2.445132718159034
mk.d,297,14.746973799147712
mk.m,47785,7.156150418972169
mk.m.b,544,1.3052368849429425
mk.m.d,313,1.2671297343145915
mk.m.m,42,3.9
mk.m.s,2745,1.9737508200728504
mk.s,411,2.9839225991399907
ml,24937,4.146220577757854
ml.b,141,3.2555900621118012
ml.d,2508,4.320768149879711
ml.m,229069,21.81975866888712
ml.m.b,199,1.6568581780538303
ml.m.d,8315,3.088309402668338
ml.m.q,1287,13.96140140021075
ml.m.s,14411,6.390049576919085
ml.q,334,2.1083930644369464
ml.s,2349,1.9963586053561153
mn,13720,3.101413544136291
mn.b,32,2.1875
mn.d,717,3.3241671688829313
mn.m,35641,4.685267281449773
mn.m.b,16,1.6818181818181819
mn.m.d,1477,1.43739600323
mni,1786,3.7903260360409603
mni.d,119,6.029710144927536
mni.m,3461,2.9582979088188024
mni.m.d,43,1.1764705882352942
mnw,1266,5.386952711340244
mnw.d,2539,3.2424131409514305
mnw.m,2926,1.6686480229256258
mnw.m.d,6405,1.0311315509158219
mr,30542,13.088692552478918
mr.b,76,3.1920289855072466
mr.d,563,9.615608941711882
mr.m,333715,982.5717663722545
mr.m.b,276,25.66335403726708
mr.m.d,1230,1.8588795419223592
mr.m.q,262,8.850879917184265
mr.m.s,22986,314.6741368533205
mr.q,98,2.020294784580499
mr.s,2851,4.627691138822796
mrj,1354,4.400268064386906
mrj.m,651,1.618989548247332
ms,133052,11.064194850221709
ms.b,432,2.0630110561317654
ms.d,2543,6.634910721373733
ms.m,481052,38.32966557632299
ms.m.b,703,2.098567301316662
ms.m.d,5733,7.476507107033946
ms.m.s,570,2.278474548366406
ms.s,423,3.1910444597906102
mt,3154,3.2261115243394
mt.d,234,13.475475249388294
mt.m,5266,1.4732839997726723
mt.m.d,186,1.1335227272727273
mus,187,36.403030303030306
mus.m,43,4.0
mwl,1452,3.7692498959648386
mwl.m,1034,1.2775495207693905
mx.m,143,4.42521645021645
mx.m.m,64,5.1499999999999995
my,16754,5.600786479433861
my.b,48,1.0
my.d,1381,3.1174752317008934
my.m,89594,6.110082718710813
my.m.b,41,1.1029411764705883
my.m.d,15677,3.114873492198143
my.m.s,163,2.1210801393728222
my.s,135,8.504411764705882
myv,1619,3.448895275621974
myv.m,768,2.426657661136361
mzn,3966,2.629384137864025
mzn.m,6983,3.072433734917098
na,270,4.01283722316331
na.b,44,2.1527777777777777
na.d,498,22.285507246376813
na.m,45,1.0789473684210527
na.m.b,27,2.085714285714286
na.m.d,70,1.4356060606060608
na.m.q,15,1.4444444444444446
na.q,17,1.125
nah,1219,4.062495080310284
nah.b,5,1.0
nah.d,284,12.549923023836067
nah.m,1286,1.2178818878411177
nah.m.b,9,1.75
nah.m.d,224,1.2260375494071147
nap,2337,3.6414159025507584
nap.m,2382,1.425096278450663
nap.m.s,1484,4.0658646447790545
nap.s,819,2.7968408272593845
nds,23152,3.285281880135192
nds-nl,2854,2.8228759550272464
nds-nl.m,2434,1.5584557537315815
nds.b,47,3.7142857142857144
nds.d,2123,5.85741783461257
nds.m,5311,1.270141479074078
nds.m.b,16,1.45
nds.m.d,3161,1.0918062451499222
nds.m.q,16,1.125
nds.q,43,4.388888888888889
ne,13244,3.203741662463706
ne.b,195,3.7447916666666665
ne.d,386,5.941948387260887
ne.m,44085,3.4969711517110906
ne.m.b,546,9.937159657620017
ne.m.d,722,2.507057910583658
new,4592,9.037181562849009
new.m,10672,3.243207612805879
ng,226,8.628416149068324
ng.m,83,5.0
ng.m.m,16,7.428571428571429
nia,1128,6.064997301694233
nia.d,315,7.013597847165622
nia.m,848,1.7654683285148187
nia.m.d,356,3.513966696171569
nl,1092020,162.40329739366436
nl.b,2403,2.3734989226750227
nl.d,39444,131.8945503302373
nl.m,2709280,188.11070883489606
nl.m.b,2335,3.456489105108558
nl.m.d,29037,2.605131674623347
nl.m.m,1399,15.448721884511992
nl.m.n,469,2.937745379469295
nl.m.q,469,2.947050550769507
nl.m.s,6026,2.1671977338618973
nl.m.voy,1306,2.230580181719715
nl.n,942,13.94911469998621
nl.q,654,3.204830732349302
nl.s,2755,2.3456975553055837
nl.voy,1333,2.8851778385712894
nn,20361,3.8680560621221622
nn.d,446,10.962279834962901
nn.m,68996,1.9357125617239561
nn.m.d,293,1.1130434782608696
nn.m.q,237,1.3364996114996115
nn.q,658,1.5411140630317373
no,196670,19.54759212016516
no.b,262,2.4699847742127155
no.d,2233,6.773598444287312
no.m,590395,77.6961799439086
no.m.b,234,1.7622636554621849
no.m.d,4273,1.2738466553778676
no.m.m,89,1.125
no.m.n,112,2.05530303030303
no.m.q,320,2.209989842637869
no.m.s,3763,1.1434947859106825
no.n,392,31.812660082972585
no.q,287,3.0286858974358974
no.s,3004,3.308390023474519
nostalgia,573,2.2523112730623196
nov,1345,4.341078486586526
nov.m,1882,1.427230863376588
nqo,501,9.78449056390233
nqo.m,536,1.8137537392209173
nrm,1668,3.3936137296555056
nrm.m,1293,1.376045251035212
nso,2517,4.405597338796165
nso.m,3290,10.327065365292377
nv,1967,3.5237974210182865
nv.m,1314,1.5340501255863572
ny,946,6.045120580720247
ny.m,361,3.8656521328899243
nyc.m,296,25.09996693121693
nyc.m.m,53,12.142857142857142
nz.m,29,3.3863636363636362
nz.m.m,9,1.5
oc,11387,8.260579270162918
oc.b,69,4.182575757575758
oc.d,1209,9.43373643996246
oc.m,6417,1.2345584137862249
oc.m.b,63,1.3043478260869565
oc.m.d,1990,1.0816384668022063
olo,1523,4.111612294983146
olo.m,646,1.5970249602130595
om,1072,6.053090199786876
om.d,475,9.147107545232545
om.m,2661,6.738052298270954
om.m.d,523,1.0914399092970521
or,6053,2.245657964644292
or.d,391,15.201400335775334
or.m,20616,2.4258622576275584
or.m.d,741,1.9372578915680696
or.m.s,4306,6.066138776717103
or.s,800,1.7947581730349722
os,3489,2.8645614266913646
os.m,1796,1.573681662352884
outreach.m,3972,6.6507986078365855
outreach.m.m,3658,1.7226330180036886
pa,11784,3.831665893828332
pa.b,220,4.707188160676533
pa.d,275,22.429232804232807
pa.m,42604,2.5520039140117987
pa.m.b,395,1.1674947400718858
pa.m.d,278,1.7400398212898214
pa.m.s,7139,2.7231126688007925
pa.s,1368,1.7960635753164167
pag,1358,4.8733550861964465
pag.m,1113,1.42605598947167
pam,3744,8.89216218560728
pam.m,10581,1.246424314374001
pap,2194,4.802649424360665
pap.m,1622,2.453701437893784
pcd,1371,4.228546217489229
pcd.m,1832,1.5045144000742277
pcm,704,9.652862944404434
pcm.m,1252,1.8971314814173734
pdc,1197,6.427016179166781
pdc.m,600,1.8723699190095415
pfl,5286,11.802637509949085
pfl.m,436,1.3749726945765113
pi,853,6.149718961352183
pi.d,17,3.142857142857143
pi.m,2425,1.2403469569379189
pi.m.d,17,4.766666666666667
pih,1050,7.305262990143842
pih.m,986,1.5202836167977407
pl,2011028,203.33778475016084
pl.b,2573,3.289096142443048
pl.d,44550,7.775961631542167
pl.m,4274846,459.5566100239512
pl.m.b,3127,25.369005040632402
pl.m.d,66035,7.304294129110553
pl.m.m,1039,1.1747891029429167
pl.m.n,1503,1.5491190508346815
pl.m.q,10534,7.645687445801229
pl.m.s,130407,2.2239328102933347
pl.m.voy,3011,1.7952325816639645
pl.n,4449,14.638579524933169
pl.q,8029,4.352897066164425
pl.s,13713,2.6017171283697738
pl.voy,1972,2.500038439890365
pms,75468,1.9340370313651971
pms.m,3415,1.2240954605277756
pms.m.s,673,1.225153954251408
pms.s,796,3.0928223176721854
pnb,72838,11.183061244015263
pnb.d,291,5.339111063454998
pnb.m,43151,1.3374159915872041
pnb.m.d,297,1.5617833312082963
pnt,1283,9.551682196809422
pnt.m,769,1.554353509718166
ps,4750,2.572869789485162
ps.b,60,1.48
ps.d,296,9.892988015110777
ps.m,10778,2.1902862521011404
ps.m.b,24,1.6923076923076923
ps.m.d,738,4.466056488171163
ps.m.voy,135,2.7316017316017316
ps.voy,609,5.729284760422868
pt,2118150,245.41570570187386
pt.b,4766,3.681106781188618
pt.d,6977,4.324166086225621
pt.m,5132197,1034.094629813578
pt.m.b,6817,3.1943815842874757
pt.m.d,13615,4.323801827430914
pt.m.m,45,1.6238095238095238
pt.m.n,1518,3.305738389825328
pt.m.q,2629,2.6318985132424104
pt.m.s,25167,2.3637766159149436
pt.m.v,4535,16.948585541334985
pt.m.voy,1671,2.8881672963047484
pt.n,3000,29.6686802959531
pt.q,1927,3.6031455421213567
pt.s,5420,2.2254782882306077
pt.v,2789,62.82044318977776
pt.voy,1282,2.6072777172501462
pwn,282,18.74616977225673
pwn.m,116,3.1996753246753245
qu,5255,1.993985082145461
qu.b,25,2.533333333333333
qu.d,170,21.340579710144926
qu.m,2182,1.2906609799585929
qu.m.b,49,1.0441176470588236
qu.m.d,74,1.2071428571428573
qu.m.q,12,1.3333333333333333
qu.q,46,5.117647058823529
rm,4321,4.1608452103767455
rm.b,12,2.5
rm.d,36,4.861111111111111
rm.m,590,3.1927309244700184
rm.m.b,5,3.6666666666666665
rm.m.d,11,7.125
rmy,6593,9020.847753423855
rmy.m,292,1.9147472093124267
rn,562,11.88778280897846
rn.d,13,1.5
rn.m,218,2.067980916374111
rn.m.d,9,2.5
ro,217938,10.17403662363371
ro.b,642,2.6318538397664217
ro.d,4239,10.981745032054759
ro.m,789433,46.494865357106356
ro.m.b,538,2.9385508511801617
ro.m.d,9764,3.2642362957850026
ro.m.n,117,2.25
ro.m.q,394,5.816732635083019
ro.m.s,5228,7.025963240412292
ro.m.voy,963,7.32914877795679
ro.n,382,36.35781080628569
ro.q,267,3.089503615071797
ro.s,2630,1.8557258949628996
ro.voy,895,19.07078936900447
roa-rup,771,6.064229385100441
roa-rup.d,153,15.920021645021647
roa-rup.m,445,3.304031688240577
roa-rup.m.d,47,1.3055555555555556
roa-tara,1821,3.7552296552972093
roa-tara.m,1298,1.6309169155913907
rs.m,224,3.596390514247657
rs.m.m,214,1.8817640692640694
ru,7413282,483.47167212454383
ru.b,6978,5.931074718109213
ru.d,156545,7.067130259693681
ru.m,17980898,762.002865987091
ru.m.b,6088,8.478782539489467
ru.m.d,671308,50.76205586194005
ru.m.m,1359,1.7564259043160375
ru.m.n,41723,45.53406927321358
ru.m.q,27355,13.320646128210429
ru.m.s,162717,8.012407173866817
ru.m.v,1465,6.918723656348406
ru.m.voy,6682,3.098438437755212
ru.n,37576,14.568734692467558
ru.q,13470,2.9771154507156257
ru.s,31276,3.088519999302905
ru.v,1220,3.355819612218561
ru.voy,5218,6.970241236283844
rue,15338,3.289281326538537
rue.m,9261,1.7871002482802443
rw,3075,4.614116268507926
rw.d,216,18.873214285714287
rw.m,6267,4.70622349566215
rw.m.d,58,1.32375
sa,4672,4.394061105952802
sa.b,191,2.4731646825396827
sa.d,1352,3.136751398169718
sa.m,21732,7.000623561968623
sa.m.b,684,11.640861211028165
sa.m.d,5115,9.268533161388053
sa.m.q,674,6.031988192932213
sa.m.s,23996,6.583354179379175
sa.q,415,1.781250958369247
sa.s,4292,10.62482738502976
sah,3820,2.9922536828162407
sah.m,2710,1.793324444792827
sah.m.q,79,1.5210884353741496
sah.m.s,530,3.325254819480621
sah.q,80,2.0113636363636362
sah.s,384,3.454042715484363
sat,3419,3.7607854919791968
sat.m,6039,2.734340127426341
sc,2872,3.5114472581047482
sc.d,70,6.282608695652174
sc.m,1278,2.0071133739368086
sc.m.d,40,1.1
scn,4425,2.302613207795913
scn.d,645,9.120016643905029
scn.m,5879,1.3143639692682665
scn.m.d,4172,3.382646375497284
sco,13589,2.700226461334088
sco.m,47334,1.953042942162508
sd,7062,2.5421062753391737
sd.d,230,16.863773148148148
sd.m,14081,1.5393453752162882
sd.m.d,145,1.2380952380952381
sd.m.n,61,1.64375
sd.n,227,7.455580357142857
se,12028,2.919050395238562
se.b,46,4.421875
se.m,3156,1.9221876925672152
se.m.b,21,2.1538461538461537
se.m.m,3032,1.2181137409605582
sg,648,12.40790616085873
sg.d,2082,5.699223304274933
sg.m,160,2.640575396825397
sg.m.d,2442,1.1398534993543894
sh,50068,3.3448739447222398
sh.d,2321,4.572002725503637
sh.m,111799,5.894543864947121
sh.m.d,4712,1.2909754200649626
shi,906,4.84169524232344
shi.m,508,1.9697840691942325
shn,4145,2.8729643451500344
shn.b,505,1.914732518141315
shn.d,1659,8.01159649327388
shn.m,10972,1.1751405098590748
shn.m.b,1454,1.2895189848514657
shn.m.d,3496,1.0944815556959144
shn.m.voy,616,1.4666459612199163
shn.voy,392,28.71273573318216
shy.d,164,3.006916099773243
shy.m.d,91,1.1428571428571428
si,15326,7.657535335799168
si.b,889,1.3476393307405534
si.d,688,5.4765432016848585
si.m,74490,6.55220936902619
si.m.b,1866,2.058541858212211
si.m.d,7569,2.572065439474543
simple,355431,2582.5596484877756
simple.b,13418,2230.633693176973
simple.d,4910,3.1652962981452144
simple.m,401932,37.36529401791969
simple.m.b,2077,3.5768102329614395
simple.m.d,13450,1.6660307331421615
simple.m.q,2686,2.3920438116249496
simple.q,1283,1.8143214432980375
sk,120217,19.74623984145007
sk.b,327,3.7746396115961334
sk.d,1256,7.9889638446758005
sk.m,234834,40.61102232178994
sk.m.b,589,11.520004071249192
sk.m.d,1972,1.211613062154719
sk.m.q,1380,39.27234416857897
sk.m.s,1110,3.3828841183664795
sk.q,1082,5.640580884328687
sk.s,294,2.466741879724482
skr,6109,5.421768158605805
skr.d,733,11.858270641389192
skr.m,542,1.8666630561560902
skr.m.d,1160,1.2726192726122572
sl,70277,4.320970552925295
sl.b,164,3.8970496894409936
sl.d,795,10.364342083450193
sl.m,187924,4.132693622036617
sl.m.b,109,1.1392906336088153
sl.m.d,1233,6.156826297499804
sl.m.q,633,2.640478431032919
sl.m.s,14752,1.185193650306359
sl.m.v,143,1.5108695652173914
sl.q,438,2.084894003055768
sl.s,1930,2.223400725263489
sl.v,203,3.3350202333897987
sm,927,5.753769224603926
sm.d,301,12.14061261628397
sm.m,388,1.731427513236976
sm.m.d,246,1.0821946169772256
smn,8747,3.005699549921147
smn.m,2280,1.7501534157925596
sn,2748,3.674785985066376
sn.d,83,9.66005291005291
sn.m,5268,1.879732339373677
sn.m.d,29,3.977272727272727
so,4935,17.693366266233753
so.d,597,8.636048339315927
so.m,19032,268.6830275541857
so.m.d,137,1.1458333333333333
species.m,40965,11.839801054001734
species.m.m,76496,5.762664528450965
sq,24404,2.6089193711774477
sq.b,511,2.68838928099764
sq.d,716,6.768762624637145
sq.m,86062,4.778445619556519
sq.m.b,791,2.0467199040360806
sq.m.d,1326,1.2861887446800264
sq.m.n,526,1.339423076923077
sq.m.q,407,6.427642283316705
sq.n,300,55.51480429292929
sq.q,176,1.9890376984126983
sr,135046,4.140299629282399
sr.b,417,2.4282395184635512
sr.d,6928,3.7909837324394857
sr.m,525067,30.198924464574134
sr.m.b,381,1.7736129757052217
sr.m.d,101173,1.80881098227144
sr.m.n,1769,1.1482319729905723
sr.m.q,819,1.8399036535292645
sr.m.s,25976,2.275573377648486
sr.n,1219,4.749555161791942
sr.q,1019,1.6098580641309337
sr.s,2655,2.0335333307739516
srn,515,8.980220851024459
srn.m,653,7.697282534246366
ss,571,10.845740577997798
ss.d,289,7.871523538190205
ss.m,275,4.794927757427757
ss.m.d,51,3.8923076923076922
st,571,12.334535705001672
st.d,202,20.180026455026457
st.m,520,47.90877889167363
st.m.d,146,3.783448650115317
stq,1247,4.717918786650565
stq.m,400,2.324019864151443
strategy.m,8787,242.19836692236026
strategy.m.m,23808,2781.430061771604
su,6126,2.5031348521334413
su.b,68,7.305555555555555
su.d,316,22.99404761904762
su.m,17220,5.808415883232319
su.m.b,19,1.1363636363636365
su.m.d,211,1.2302975735748845
su.m.q,716,3.018097416503098
su.m.s,978,9.992615342529492
su.q,104,1.7770219198790627
su.s,572,3.1485865333385274
sv,447075,55.096923230343656
sv.b,845,2.889210081800105
sv.d,11307,3.488254134605178
sv.m,1686097,433.5198536782638
sv.m.b,577,2.432712912663781
sv.m.d,23356,1.8573619680114877
sv.m.n,194,1.3292641325536063
sv.m.q,903,1.5954048464474917
sv.m.s,7257,1.6060259708167568
sv.m.v,121,2.8380411255411255
sv.m.voy,1061,1.796197035603183
sv.n,1158,11.080051472262559
sv.q,530,2.817386081840416
sv.s,4124,2.62596614024597
sv.v,275,5.785768398268399
sv.voy,883,7.6107943641859706
sw,14597,2.6584024208003094
sw.b,52,2.003267973856209
sw.d,664,7.042824121563366
sw.m,84398,10.962344804251655
sw.m.b,32,1.5444444444444443
sw.m.d,2164,2.851968717432524
szl,3488,3.0527580235157417
szl.m,2823,1.3792971832381224
szy,870,6.7581266210270785
szy.m,539,1.31715848133119
ta,51573,3.077107549022618
ta.b,312,3.054446248196248
ta.d,5489,5.054527029509328
ta.m,338424,9.474284917054677
ta.m.b,708,2.8708495552980104
ta.m.d,24058,4.240206729684022
ta.m.n,1066,1.383969696474919
ta.m.q,964,11.524786990739877
ta.m.s,97650,23.778547211411247
ta.n,1016,23.569317233162025
ta.q,348,2.63883806008806
ta.s,6223,3.3709816074767427
tay,558,6.259391690700734
tay.m,228,2.450351901766996
tcy,1741,5.752686793495417
tcy.m,4082,2.325320062942517
te,28537,20.809256390864277
te.b,147,2.5418737060041408
te.d,2961,5.66042893950393
te.m,211499,15.864120613061885
te.m.b,550,3.8326037671335658
te.m.d,12346,2.187683672202454
te.m.q,376,1.9262766611112199
te.m.s,41088,8.761284324342588
te.q,259,2.9832070707070706
te.s,3726,3.1563698556172564
ten,16577,21563.35600522502
ten.m,62,1.458994708994709
test,745,12.782287195582432
test.m,189,14.900847653096529
test2,6045,1530.8790711524653
test2.m,13653,4352.40489397933
tet,987,6.47085819251683
tet.m,765,3.2316657058266407
tg,11482,2.1619328553054324
tg.b,340,1.3239969582074844
tg.d,1683,1.4659287847856168
tg.m,40011,1.8099039260128906
tg.m.b,144,5.989544513457557
tg.m.d,4700,1.0415961364483797
th,432270,18.19908176041701
th.b,2010,3.400675478452092
th.d,7631,3.041750365320995
th.m,1407612,89.0677951531705
th.m.b,5404,24.335108020913296
th.m.d,21376,12.964029857162236
th.m.n,77,1.4603174603174605
th.m.q,819,2.0495734458863883
th.m.s,13987,10.811211054956727
th.n,192,11.135416666666666
th.q,456,1.8658019882594186
th.s,3673,2.7476332196540185
thankyou,56122,365300.7501562095
thankyou.m,679,421.935606060606
ti,560,8.944567007067008
ti.d,173,17.8265873015873
ti.m,267,2.8453571959086665
ti.m.d,43,1.4322916666666667
tk,3016,3.147674070387304
tk.b,42,2.5
tk.d,139,3.5313988095238096
tk.m,7325,5.372439654806396
tk.m.b,28,1.8642857142857143
tk.m.d,117,1.2108695652173913
tk.m.q,19,1.5454545454545454
tk.q,57,2.879166666666667
tl,42143,14.625917794650483
tl.b,408,1.7018116739602247
tl.d,749,5.877384978058328
tl.m,302542,404.76761929012014
tl.m.b,1292,11.551535526922684
tl.m.d,1784,3.6180069823070102
tl.m.q,135,1.471271153089335
tl.q,127,1.6381448412698412
tly,1876,3.521242598671101
tly.m,576,1.6634554818885272
tn,1203,16.4112639857953
tn.d,130,13.620833333333332
tn.m,1486,10.77126556498281
tn.m.d,32,1.5611111111111111
to,948,10.81318966869838
to.d,52,6.454545454545454
to.m,340,2.540184718830552
to.m.d,5,3.0
tpi,1058,5.74205661353468
tpi.d,197,13.978670634920634
tpi.m,1546,1.8275534880785866
tpi.m.d,60,1.4841269841269842
tr,883239,66.62159374844136
tr.b,1473,2.1714933801288425
tr.d,6276,4.0117140380884555
tr.m,3193395,693.151313776338
tr.m.b,1971,2.8790967269301984
tr.m.d,14348,6.187956799088601
tr.m.m,195,1.4599259436215957
tr.m.n,397,1.6809149184149184
tr.m.q,9878,14.531483483558562
tr.m.s,20470,4.371304691220072
tr.m.voy,638,1.5535963748807402
tr.n,560,12.64301359188059
tr.q,3447,3.1419038756301165
tr.s,3595,2.4690383404631064
tr.voy,561,15.784284427657274
trv,500,9.077817321567322
trv.m,144,1.9162055335968378
ts,871,6.684356458173149
ts.d,203,16.070138888888888
ts.m,1293,26.84788003932884
ts.m.d,35,1.5147058823529411
tt,12768,2.4385326484983727
tt.b,356,3.0040979853479857
tt.d,600,12.19636196893962
tt.m,6637,1.7899271875602327
tt.m.b,278,5.2872070911544595
tt.m.d,143,1.2944444444444445
tt.m.q,140,1.1234217171717171
tt.q,42,4.5
tum,3057,3.7118923554312837
tum.m,4787,1.3133975551168
tw,1202,8.05079530787908
tw.d,21,1.0461538461538462
tw.m,376,2.1843637539361223
tw.m.d,2,1.0
ty,662,6.169894557645055
ty.m,209,2.285309829059829
tyv,869,5.46003625630168
tyv.m,310,1.5116497686030934
ua.m,371,2.9011468855218854
ua.m.m,2422,256.37093106167146
udm,1566,3.606246799950414
udm.m,690,1.9786013697535731
ug,2287,3.642327760330838
ug.b,74,1.2606060606060607
ug.d,223,16.206207912457913
ug.m,824,2.2518693170141426
ug.m.b,35,1.3125
ug.m.d,72,1.1578947368421053
ug.m.q,61,1.3868421052631579
ug.q,49,2.276190476190476
uk,636659,12.47317963072583
uk.b,964,2.4285874207611458
uk.d,3765,6.05498903127654
uk.m,1476299,20.398499954648344
uk.m.b,313,1.9390397042570957
uk.m.d,5318,6.921899009902028
uk.m.n,264,1.6643906188329627
uk.m.q,1794,1.537989569764325
uk.m.s,68675,7.827504150076584
uk.m.voy,1523,23.87301842514236
uk.n,1148,36.71964115194469
uk.q,1557,2.233075237523797
uk.s,9315,2.6605494620562613
uk.voy,920,9.272411721995633
ur,32776,3.360152572099158
ur.b,218,3.6301061207311207
ur.d,780,15.060756795400051
ur.m,167440,9.790199715131017
ur.m.b,466,4.864695958281485
ur.m.d,1216,2.476328080455576
ur.m.q,204,1.4522451963241438
ur.q,208,1.87144069166128
usability.m,1202,2.984726050946732
usability.m.m,1768,14.213363066316134
uz,47700,6.351569820673311
uz.b,106,1.4864583333333332
uz.d,3058,5.286224135113012
uz.m,176661,16.416463341952433
uz.m.b,66,3.173529411764706
uz.m.d,8399,1.8646256771388474
uz.m.q,193,5.966305916305916
uz.q,183,1.9585087416609157
ve,495,13.350343522218521
ve.m,564,5.521727048536259
ve.m.m,5,1.75
vec,5989,2.627041467289688
vec.d,273,4.539376075313576
vec.m,7821,1.1605249716407962
vec.m.d,298,1.1456232656232657
vec.m.s,1838,1.3870044976641112
vec.s,1815,2.3817505845404825
vep,2121,3.533715342490814
vep.m,2779,1.4552400195381459
vi,659404,29.19520873064046
vi.b,2670,3.1690280987657253
vi.d,25816,9.615622573614862
vi.m,1671215,404.7846054508291
vi.m.b,6895,45.83818772624843
vi.m.d,41178,3.621324091320806
vi.m.q,1050,2.4969211754480636
vi.m.s,11280,10.646373981263368
vi.m.voy,717,1.9782846067439503
vi.q,979,5.816251464942935
vi.s,3302,2.477282310496469
vi.voy,1007,5.413739091473084
vls,2126,3.3349669877862262
vls.m,2982,1.301400209729046
vo,4092,2.6298234150794375
vo.b,31,4.0249999999999995
vo.d,430,19.45354927493272
vo.m,2375,1.3025887238941762
vo.m.b,29,2.1333333333333333
vo.m.d,544,1.1640121544991409
vo.m.q,14,1.5625
vo.q,52,5.375
wa,2566,3.0845208340773205
wa.b,39,1.0714285714285714
wa.d,1402,3.5923142042714664
wa.m,1415,1.3932688357809875
wa.m.b,11,3.3333333333333335
wa.m.d,1572,1.6127670815134836
wa.m.s,657,1.164915225784791
wa.s,527,2.147718835387501
war,10587,1.8115141199564246
war.m,5895,1.4120026758983517
wb.m,35,1.3392857142857142
wb.m.m,9,1.8571428571428572
wg-en,11,4.6
wikimania.m,7779,11.50082046542832
wikimania.m.m,5772,5.936062193721473
wikitech.m,12715,79.41965546214222
wo,931,5.878143679092137
wo.d,187,11.128463203463204
wo.m,314,1.6454742200048522
wo.m.d,106,1.2578849721706864
wo.m.q,21,1.0
wo.q,14,1.0
wuu,14306,2.5280560231553273
wuu.m,16960,2.228006498898754
www.s,15389,73.44480436143884
www.w,142618,86.46681692465093
www.wd,689969,50.99676857336531
xal,1027,6.194250688568104
xal.m,450,2.0131606402809497
xh,1672,8.29202546818792
xh.b,16,3.0
xh.d,42,7.264705882352941
xh.m,4836,17.66102441940103
xh.m.b,11,2.142857142857143
xh.m.d,13,1.6666666666666667
xmf,4139,3.066786367467229
xmf.m,4543,2.026796403514389
yi,5701,3.4313333607247607
yi.d,283,14.05643187830688
yi.m,2484,1.6389442842988693
yi.m.d,101,1.1992753623188406
yi.m.s,1336,1.4613631877866633
yi.s,626,4.576209221062162
yo,5926,2.113731967129156
yo.b,38,5.333333333333333
yo.d,35,1.4300000000000002
yo.m,16922,1.3999145258558876
yo.m.b,35,1.9076923076923078
yo.m.d,28,1.0
yue.d,537,2.2705228080885975
yue.m.d,897,1.3900246832848744
za,1366,5.091698604760534
za.b,33,1.25
za.d,110,9.957971014492754
za.m,399,1.480432600101384
za.m.b,26,1.6153846153846154
za.m.d,81,1.4526315789473685
za.m.q,18,1.0
za.q,43,1.0441176470588236
zea,1695,5.617104505362154
zea.m,1181,1.3085185326872113
zgh,965,4.607131025344448
zgh.m,1273,1.844130785284273
zh,6634818,471.0179714697906
zh-classical,62999,37.63928876328952
zh-classical.m,5646,1.4720542110203378
zh-min-nan,13761,2.8491695058691575
zh-min-nan.b,45,1.2936507936507937
zh-min-nan.d,554,11.27197797301964
zh-min-nan.m,73119,1.6313972982687843
zh-min-nan.m.b,38,1.5
zh-min-nan.m.d,721,1.1574369819461892
zh-min-nan.m.q,33,1.2307692307692308
zh-min-nan.m.s,844,1.4280921543903424
zh-min-nan.q,62,3.4456140350877194
zh-min-nan.s,627,5.450110701423003
zh-yue,47969,2.370432740552293
zh-yue.m,94052,8.867578142861454
zh.b,73550,69.52476860495156
zh.d,261753,1.3266664165472906
zh.m,9407312,1964.7701222862306
zh.m.b,72737,15.710914608627277
zh.m.d,145998,2.6193102917371216
zh.m.n,3668,2.768813523375579
zh.m.q,23539,4.345525352500604
zh.m.s,155121,4.791338305736428
zh.m.v,31970,22.5267020226468
zh.m.voy,20948,2.036586924651797
zh.n,23145,147.3918574436327
zh.q,9494,2.747137275494777
zh.s,125516,58.90176627793563
zh.v,9040,4.815020429291326
zh.voy,52807,8.850227451241842
zu,4928,5.702421486260751
zu.b,27,2.2666666666666666
zu.d,204,17.33888888888889
zu.m,14872,78.68939922633187
zu.m.b,28,1.2857142857142858
zu.m.d,104,2.189935064935065
