project,views_sum,processed_views_mean
,157221,71.75816843805853
aa,480,7.4625
aa.b,79,2.240506329113924
aa.d,50,1.84
aa.m,86,2.395348837209302
aa.m.b,37,1.8108108108108107
aa.m.d,16,1.5
ab,5031,3.5322997416020674
ab.d,49,1.0408163265306123
ab.m,9886,1.1357475217479263
ab.m.d,74,1
ace,2485,3.052313883299799
ace.m,5866,3.352199113535629
advisory.m,50,2.72
advisory.m.m,49,2.2653061224489797
ady,807,5.428748451053284
ady.m,273,1.783882783882784
ae.m,4,2
af,49854,12.440044931199102
af.b,194,1.8556701030927836
af.d,2246,3.691006233303651
af.m,77354,22.758124983840524
af.m.b,99,1.1616161616161615
af.m.d,8739,9.055383911202656
af.m.q,100,1.24
af.q,168,2.2857142857142856
ak,908,21.297356828193834
ak.b,33,1.3636363636363635
ak.d,16,1.25
ak.m,39967,1592.9377986839143
ak.m.b,10,1.2
ak.m.d,25,1.4
als,8592,3.1936685288640594
als.m,9081,1.9166391366589584
alt,1368,3.6008771929824563
alt.m,391,2.8567774936061383
am,3921,4.844427441979087
am.d,293,4.924914675767918
am.m,10307,2.4623071698845447
am.m.d,152,1.3157894736842106
am.m.m,42,1.380952380952381
am.m.q,116,1.5689655172413792
am.q,740,3.0108108108108107
ami,552,5.036231884057971
ami.m,607,1.5930807248764416
an,9112,2.2543898156277438
an.d,483,4.635610766045549
an.m,8616,2.1367223769730734
an.m.d,329,1.0911854103343466
ang,4230,3.1309692671394798
ang.b,987,1.2472137791286728
ang.d,337,5.344213649851632
ang.m,10324,1.204959318093762
ang.m.b,2227,1.0269420745397395
ang.m.d,137,1.102189781021898
ang.m.q,96,1.0625
ang.m.s,1218,1.0459770114942528
ang.q,107,1.4299065420560748
ang.s,711,1.0196905766526019
anp,2048,3.09765625
anp.m,4862,7.351707116412999
api.m,1033,2.093901258470474
api.m.m,46,1.565217391304348
ar,564064,12.712199324899302
ar.b,572,2.1013986013986012
ar.d,1751,5.135922330097087
ar.m,4480548,150.905334347495
ar.m.b,1249,3.1200960768614894
ar.m.d,6777,1.3603364320495794
ar.m.m,53,2.0943396226415096
ar.m.n,1300,4.495384615384616
ar.m.q,4597,6.0102240591690235
ar.m.s,56286,23.530647052553032
ar.m.v,3144,26.991094147582697
ar.n,1028,5.054474708171206
ar.q,1035,2.7294685990338166
ar.s,7700,2.478961038961039
ar.v,487,1.9897330595482545
arc,1052,3.4714828897338403
arc.m,613,1.799347471451876
ary,5406,8.317055123936367
ary.m,10402,1.4799077100557585
arz,32787,3.0020739927410256
arz.m,196420,3.672294063740963
as,8634,2.570303451470929
as.b,97,1.7628865979381443
as.d,76,2.1842105263157894
as.m,55698,5.692161298430824
as.m.b,61,1.1639344262295082
as.m.d,62,1.032258064516129
as.m.q,518,2.1621621621621623
as.m.s,10153,1.530089628681178
as.q,162,2.0987654320987654
as.s,2699,1.7247128566135606
ast,19517,11.67797304913665
ast.b,121,1.9586776859504131
ast.d,1496,3.4237967914438503
ast.m,25107,13.179073565141195
ast.m.b,99,1.101010101010101
ast.m.d,2026,1.2902270483711746
ast.m.q,85,1.0705882352941176
ast.q,205,1.2536585365853659
atj,673,7.017830609212481
atj.m,305,1.6491803278688524
av,10215,7.5895252080274105
av.d,40,1
av.m,6230,1.1046548956661317
av.m.d,47,1
avk,2508,2.295055821371611
avk.m,1596,1.0802005012531328
awa,1319,3.266868840030326
awa.m,3304,1.5453995157384988
ay,1280,3.3265625
ay.b,66,1.2424242424242424
ay.d,1086,3.7845303867403315
ay.m,824,2.0800970873786406
ay.m.b,48,1.0833333333333333
ay.m.d,82,1.4146341463414633
az,67217,6.423806477528006
az.b,401,2.0872817955112217
az.d,1423,1.3921293042867182
az.m,242902,30.891799985179208
az.m.b,890,2.0224719101123596
az.m.d,4378,7.4878940155322065
az.m.m,20,3
az.m.q,1570,2.9401273885350316
az.m.s,6689,1.7322469726416505
az.q,590,1.8644067796610169
az.s,1781,1.3402582818641213
azb,13918,1.5541026009484122
azb.m,48994,1.630117973629424
ba,6797,2.271737531263793
ba.b,225,1.5777777777777777
ba.m,4505,1.3178690344062154
ba.m.b,759,1.5586297760210803
ban,4391,1.9847415167387839
ban.m,5212,3.451266308518803
ban.m.s,4045,1.053399258343634
ban.s,4253,50.66799905948742
bar,6530,2.8845329249617153
bar.m,9735,2.0559835644581406
bat-smg,26874,1.2113567016447124
bat-smg.m,1158,1.4162348877374784
bbc,741,15.98515519568151
bbc.m,580,1.3517241379310345
bcl,5171,1.821891316959969
bcl.d,976,1.305327868852459
bcl.m,23497,2.0110226837468614
bcl.m.d,2236,1.0554561717352415
bcl.m.q,87,1.0689655172413792
bcl.q,72,1.6111111111111112
bd.m,1517,30.054713249835203
bd.m.m,9598,262.96332569285266
be,22157,3.2707045177596243
be-tarask,11704,3.906015037593985
be-tarask.m,7864,1.6693794506612412
be.b,192,3.5625
be.d,314,2.305732484076433
be.m,16718,2.1933245603541094
be.m.b,73,1.1643835616438356
be.m.d,274,1.0802919708029197
be.m.m,1584,16.24368686868687
be.m.q,103,1.116504854368932
be.m.s,25507,1.0337946446073627
be.q,240,19.15
be.s,2828,1.6697312588401698
beta.m.v,4476,1.1058981233243967
beta.v,2713,2.511979358643568
bew,1295,2.9845559845559846
bew.m,1120,1.6071428571428572
bg,155245,6.46415021417759
bg.b,300,5.8133333333333335
bg.d,4206,2.425106990014265
bg.m,451390,21.519586167172513
bg.m.b,338,2.7514792899408285
bg.m.d,9287,1.5513082803919458
bg.m.n,222,1.1711711711711712
bg.m.q,1191,1.685138539042821
bg.m.s,1087,2.4167433302667893
bg.n,460,10.28695652173913
bg.q,764,2.287958115183246
bg.s,509,1.7740667976424362
bh,6289,2.0519955477818415
bh.d,41,2.1707317073170733
bh.m,29833,2.558341433982503
bh.m.d,19,1.5263157894736843
bi,1018,3.4734774066797645
bi.b,46,1.5217391304347827
bi.d,14,1.5714285714285714
bi.m,518,1.9922779922779923
bi.m.b,11,1.1818181818181819
bi.m.d,14,1
bjn,2497,2.7653183820584704
bjn.d,159,3.251572327044025
bjn.m,2063,1.4158991759573436
bjn.m.d,100,1.36
bjn.m.q,34,1.1176470588235294
bjn.q,77,2.5064935064935066
blk,902,3.399113082039911
blk.d,130,2.5846153846153848
blk.m,869,1.2692750287686996
blk.m.d,134,1.164179104477612
bm,790,4.0987341772151895
bm.b,66,1.5757575757575757
bm.d,34,1.2941176470588236
bm.m,386,2.082901554404145
bm.m.b,39,2.1794871794871793
bm.m.d,23,1.0869565217391304
bm.m.q,25,1.16
bm.q,57,1.9473684210526316
bn,85698,6.166818362155476
bn.b,1155,2.238095238095238
bn.d,4325,13.160462427745665
bn.m,616811,32.60860295941544
bn.m.b,6630,7.368325791855203
bn.m.d,27446,29.630620126794433
bn.m.q,1787,4.253497481813095
bn.m.s,90896,1.3525127618377046
bn.m.voy,1337,1.8721017202692596
bn.q,614,2.413680781758958
bn.s,4688,1.5422354948805461
bn.voy,440,1.9318181818181819
bo,2380,2.4168067226890755
bo.b,37,1.054054054054054
bo.d,62,1.967741935483871
bo.m,6167,1.4141397762283119
bo.m.b,61,1.1311475409836065
bo.m.d,20,1.1
bpy,2689,2.7947192264782448
bpy.m,3658,3.5396391470749045
br,8970,2.2240802675585285
br.d,1323,3.0982615268329554
br.m,7100,1.4619718309859155
br.m.d,1717,1.0559114735002912
br.m.m,1043,1.8187919463087248
br.m.q,42,1.2857142857142858
br.m.s,7390,1.0184032476319351
br.q,91,2.2967032967032965
br.s,2068,1.206963249516441
bs,28595,3.251652386780906
bs.b,153,2.0588235294117645
bs.d,556,2.9388489208633093
bs.m,71930,7.330404559988878
bs.m.b,186,3.5053763440860215
bs.m.d,644,1.2422360248447204
bs.m.n,132,1.1666666666666667
bs.m.q,494,1.2955465587044535
bs.m.s,983,1.2014242115971516
bs.n,391,10.427109974424553
bs.q,385,1.612987012987013
bs.s,559,1.697674418604651
btm,817,12.68421052631579
btm.d,188,8.25531914893617
btm.m,380,2.1157894736842104
btm.m.d,33,1.6666666666666667
bug,1153,3.6782307025151777
bug.m,966,1.2173913043478262
bxr,1778,2.8931383577052867
bxr.m,814,1.5282555282555284
ca,126935,10.224863118919131
ca.b,1083,2.0009233610341646
ca.d,5066,2.8523489932885906
ca.m,200112,15.790147517390261
ca.m.b,2932,1.1493860845839017
ca.m.d,11283,1.3869538243374988
ca.m.m,649,1.0338983050847457
ca.m.n,587,1.9846678023850086
ca.m.q,597,2.7520938023450587
ca.m.s,8907,1.0673627484001347
ca.n,851,8.297297297297296
ca.q,644,2.142857142857143
ca.s,2414,1.3744821872410937
cbk-zam,1752,2.8378995433789953
cbk-zam.m,1942,1.1709577754891864
cdo,5201,2.3343587771582386
cdo.m,18673,1.0867562791195844
ce,9889,1.9074729497421377
ce.m,3983,1.2857142857142858
ceb,28621,1.648824289857098
ceb.m,100349,1.1643265005132089
ch,1085,4.341935483870968
ch.b,31,1.903225806451613
ch.d,53,2.207547169811321
ch.m,1717,1.1875364006988933
ch.m.b,26,2.1538461538461537
ch.m.d,14,1.1428571428571428
cho,250,6.176
cho.m,56,3.4642857142857144
chr,1621,3.824182603331277
chr.d,262,6.122137404580153
chr.m,3709,1.3143704502561337
chr.m.d,65,1.1846153846153846
chy,753,4.378486055776892
chy.m,216,1.9259259259259258
ckb,11440,4.400174825174825
ckb.d,183,2.4754098360655736
ckb.m,17942,1.8070449225281462
ckb.m.d,138,1.1304347826086956
cn.m,55,2.8181818181818183
cn.m.m,27,3.1481481481481484
co,2307,2.8404854789770266
co.b,136,1.5588235294117647
co.d,496,5.112903225806452
co.m,1913,1.610559330893884
co.m.b,44,1.1363636363636365
co.m.d,460,1.1478260869565218
co.m.m,312,2.5064102564102564
co.m.q,29,1.1379310344827587
co.q,65,1.7692307692307692
commons.m,2047133,98.20964490338439
commons.m.m,1378666,477.35005432787926
cr,481,5.648648648648648
cr.d,28,2.857142857142857
cr.m,155,1.5806451612903225
cr.m.d,8,2
cr.m.q,8,2
cr.q,11,1.1818181818181819
crh,3866,2.1536471805483703
crh.m,2596,2.2966101694915255
cs,653032,29.399689448602825
cs.b,3744,63.164529914529915
cs.d,13854,5.850729031326693
cs.m,1294072,63.66527673885224
cs.m.b,592,1.3918918918918919
cs.m.d,18396,2.061969993476843
cs.m.n,484,1.1694214876033058
cs.m.q,1312,2.846036585365854
cs.m.s,12310,1.135174654752234
cs.m.v,425,1.2682352941176471
cs.m.voy,204,1.6568627450980393
cs.n,746,11.05361930294906
cs.q,1584,2.7563131313131315
cs.s,3490,1.5524355300859598
cs.v,802,5.5187032418952615
cs.voy,618,3.663430420711974
csb,1704,3.125586854460094
csb.d,217,4.67741935483871
csb.m,1846,1.1365113759479957
csb.m.d,97,1.1855670103092784
cu,1093,3.9405306495882892
cu.m,511,2.1663405088062624
cv,6074,2.0754033585775438
cv.b,70,2.085714285714286
cv.m,3827,1.3490985105827018
cv.m.b,56,1.2857142857142858
cy,20090,8.389646590343455
cy.b,56,2.607142857142857
cy.d,674,3.516320474777448
cy.m,71971,1.0488530102402356
cy.m.b,32,1.125
cy.m.d,1013,1.0572556762092793
cy.m.q,124,1.0806451612903225
cy.m.s,3403,1.0464296209227153
cy.q,166,1.9518072289156627
cy.s,2556,1.4280125195618154
da,175469,23.362252021724636
da.b,427,2.5878220140515222
da.d,1512,4.088624338624339
da.m,494515,54.633382202764324
da.m.b,169,1.3431952662721893
da.m.d,2320,1.1043103448275862
da.m.q,254,1.858267716535433
da.m.s,2711,1.147547030616009
da.q,296,2.6554054054054053
da.s,1426,1.4754558204768584
dag,2781,2.450557353469975
dag.m,3481,1.2763573685722494
de,8566481,1716.2524921259967
de.b,19483,3.1641430991120463
de.d,94014,20.14648882081392
de.m,15592172,710.5212161589803
de.m.b,27614,2.251466647352792
de.m.d,113251,7.092732073005978
de.m.n,1627,2.0952673632452368
de.m.q,3304,3.096852300242131
de.m.s,103338,1.1824885327759391
de.m.v,18056,1.0398759415152858
de.m.voy,37807,2.933081175443701
de.n,5850,24.88102564102564
de.q,3211,3.3942696979134226
de.s,16707,3.1825582091338958
de.v,71602,8.412278986620485
de.voy,13895,3.02907520690896
dga,262,6.519083969465649
dga.m,132,1.4393939393939394
din,489,5.237218813905931
din.m,476,1.4243697478991597
diq,6063,3.0174830941777997
diq.d,297,2.0841750841750843
diq.m,18635,1.0372417493962973
diq.m.d,282,1.0212765957446808
dk.m,206,2.737864077669903
dk.m.m,44,1.3636363636363635
dsb,1559,2.929441949967928
dsb.m,1745,1.1696275071633238
dtp,617,4.760129659643436
dtp.m,303,1.99009900990099
dty,2281,2.04340201665936
dty.m,4364,1.2763519706691109
dv,2072,3.140926640926641
dv.d,183,3.9508196721311477
dv.m,4797,1.1046487387950803
dv.m.d,64,1.5
dz,1069,3.029934518241347
dz.d,3,1
dz.m,2397,1.425531914893617
dz.m.d,3,1
ec.m,1,1
ee,675,4.451851851851852
ee.m,359,2.1922005571030643
ee.m.m,57,1.8771929824561404
el,253222,11.89515129017226
el.b,372,2.9086021505376345
el.d,62372,2.8729878791765535
el.m,840408,172.6233805484955
el.m.b,283,3.431095406360424
el.m.d,149099,6.911240182697402
el.m.n,424,4.047169811320755
el.m.q,748,1.5401069518716577
el.m.s,7237,2.4003039933674173
el.m.v,503,2.725646123260437
el.m.voy,2068,7.197292069632495
el.n,472,5.7923728813559325
el.q,587,1.7938671209540034
el.s,3719,1.8195751546114547
el.v,521,3.614203454894434
el.voy,770,3.1142857142857143
eml,2417,3.5486139842780307
eml.m,4951,1.2254090082811553
en,81327767,4389.706342939429
en.b,182707,225.62521961391735
en.d,1327120,80.53601482910362
en.m,163111586,4934.257052114005
en.m.b,350940,552.5718470393799
en.m.d,1143928,60.40482792623312
en.m.n,67916,6.86668826197067
en.m.q,277042,755.7303080399362
en.m.s,297349,3.8609411835923444
en.m.v,30044,5.502196778058847
en.m.voy,93740,4.951610838489439
en.n,19025,35.784126149802894
en.q,87887,356.5242527336239
en.s,398648,1662.4260701169953
en.v,57994,346.11856398937823
en.voy,96971,345.2477441709377
eo,32659,11.264123212590711
eo.b,312,1.8525641025641026
eo.d,1251,1.618705035971223
eo.m,13325,2.175684803001876
eo.m.b,423,1.42080378250591
eo.m.d,2516,1.0635930047694753
eo.m.n,376,1.7606382978723405
eo.m.q,297,1.0336700336700337
eo.m.s,4266,1.0328176277543366
eo.m.voy,488,1.2418032786885247
eo.n,1159,6.318377911993098
eo.q,933,1.9410503751339765
eo.s,1671,1.3997606223818073
eo.voy,403,1.5508684863523574
es,6165915,279.5192896755794
es.b,6297,3.1260917897411464
es.d,59909,2.9266554273982206
es.m,17997318,445.39478693436433
es.m.b,7812,1.8655913978494623
es.m.d,127642,4.732768211090393
es.m.n,1532,1.612271540469974
es.m.q,3490,2.721489971346705
es.m.s,52009,1.794208694649003
es.m.v,1928,3.87551867219917
es.m.voy,3532,2.3080407701019254
es.n,3444,6.66144018583043
es.q,4276,5.7820392890551915
es.s,37511,2.2923675721788275
es.v,1736,3.1693548387096775
es.voy,2770,2.6498194945848375
et,91482,4.620034542314335
et.b,238,2.302521008403361
et.d,2176,3.9908088235294117
et.m,123459,4.141010375914271
et.m.b,70,1.1428571428571428
et.m.d,3826,1.104025091479352
et.m.q,1268,2.085173501577287
et.m.s,1877,1.0703249866808737
et.q,1250,1.6016
et.s,1115,2.043946188340807
eu,31345,4.874493539639496
eu.b,295,1.5084745762711864
eu.d,1068,3.5805243445692883
eu.m,23745,9.632638450200043
eu.m.b,295,1.0271186440677966
eu.m.d,1794,1.0312151616499443
eu.m.q,60,1.1666666666666667
eu.m.s,1001,1.053946053946054
eu.q,189,1.6772486772486772
eu.s,655,1.201526717557252
ext,1891,2.1634056054997357
ext.m,2561,2.85864896524795
fa,531242,19.374134575203016
fa.b,759,2.9183135704874834
fa.d,2100,3.7495238095238097
fa.m,7188973,234.38629425927738
fa.m.b,2290,4.090829694323144
fa.m.d,10066,3.9175442082257104
fa.m.n,361,2.185595567867036
fa.m.q,5678,3.8735470235998593
fa.m.s,12912,2.0243184634448577
fa.m.voy,1587,3.686830497794581
fa.n,618,8.77346278317152
fa.q,1288,2.0232919254658386
fa.s,3041,1.5537652088128906
fa.voy,627,1.813397129186603
fat,297,6.872053872053872
fat.m,105,1.7809523809523808
fdc.m,7,1.2857142857142858
fdc.m.m,1,1
ff,1643,7.647595861229458
ff.m,340,2.4176470588235293
fi,408580,36.32101424445641
fi.b,1011,1.8466864490603363
fi.d,16655,4.060822575803062
fi.m,1193754,67.92806893212504
fi.m.b,1258,1.6327503974562798
fi.m.d,25474,2.173117688623695
fi.m.m,67,2.1044776119402986
fi.m.n,165,1.2303030303030302
fi.m.q,990,2.3313131313131312
fi.m.s,2216,1.220216606498195
fi.m.v,224,1.0714285714285714
fi.m.voy,702,1.5071225071225072
fi.n,387,7.971576227390181
fi.q,878,1.8815489749430523
fi.s,1466,1.311050477489768
fi.v,505,1.8396039603960397
fi.voy,445,1.8089887640449438
fiu-vro,1915,2.285639686684073
fiu-vro.m,1049,1.1887511916110582
fj,991,3.7870837537840565
fj.d,646,2.978328173374613
fj.m,259,1.5637065637065637
fj.m.d,969,1.0185758513931888
fo,5101,1.9053126837874927
fo.d,301,6.255813953488372
fo.m,11881,2.8293072973655415
fo.m.d,126,1.0634920634920635
fo.m.s,289,1.2006920415224913
fo.s,252,2.4285714285714284
fon,400,5.805
fon.m,384,2.8125
foundation.m,37604,47.364003829379854
foundation.m.m,150049,215.08529213790163
fr,7357752,19012.910998902928
fr.b,7872,4.147865853658536
fr.d,138608,18.699685443841624
fr.m,14084612,993.3350382672949
fr.m.b,5331,4.312699305946351
fr.m.d,218657,12.08063313774542
fr.m.n,3157,7.363002850807729
fr.m.q,3447,2.2782129387873513
fr.m.s,138741,1.3453485271116685
fr.m.v,12815,2.7957081545064377
fr.m.voy,5166,2.0553619821912505
fr.n,4081,19.887037490811075
fr.q,4091,3.5636763627474943
fr.s,50267,3.9108958163407403
fr.v,4963,2.691718718517026
fr.voy,4034,2.3753098661378282
frp,2081,2.7818356559346467
frp.m,2959,1.4961135518756337
frr,6067,2.4481621888907203
frr.m,47488,2.707378706199461
fur,1789,2.782001117942985
fur.m,2670,1.2337078651685394
fy,9106,3.635844498133099
fy.b,105,2.4857142857142858
fy.d,487,4.564681724845996
fy.m,7126,1.4361493123772102
fy.m.b,54,1.1111111111111112
fy.m.d,494,1.0283400809716599
ga,17096,639.290126345344
ga.b,25,1.08
ga.d,958,3.7244258872651357
ga.m,26872,1.1053140815718965
ga.m.b,34,1.2941176470588236
ga.m.d,248,1.0806451612903225
ga.m.q,12,1.1666666666666667
ga.q,78,1.4102564102564104
gag,1415,3.898939929328622
gag.m,1937,1.568921011874032
gan,11293,11.108739927388648
gan.m,13238,2.8599486327239765
gcr,1130,2.9716814159292033
gcr.m,1116,1.1594982078853047
gd,5321,1.775042285284721
gd.d,821,2.2423873325213153
gd.m,9526,1.0793617467982364
gd.m.d,2408,1.0332225913621262
ge.m,1907,33.136339800734135
ge.m.m,30,1.2
gl,32181,3.886485814611106
gl.b,312,1.6474358974358974
gl.d,1788,4.840044742729306
gl.m,30295,3.3064532101006767
gl.m.b,207,1.2028985507246377
gl.m.d,3007,1.045892916528101
gl.m.q,95,1.1263157894736842
gl.m.s,591,1.9170896785109983
gl.q,221,1.6877828054298643
gl.s,597,2.0385259631490786
glk,1203,7.972568578553616
glk.m,1690,2.6236686390532546
gn,3153,2.6568347605455123
gn.b,19,1.2105263157894737
gn.d,270,4.622222222222222
gn.m,4617,5.225687675980073
gn.m.b,29,1.206896551724138
gn.m.d,371,1.4851752021563343
gom,1484,2.7641509433962264
gom.d,114,3.0526315789473686
gom.m,4406,1.351339083068543
gom.m.d,103,1.174757281553398
gor,2175,7.459770114942529
gor.d,2301,6.11864406779661
gor.m,5180,2.241312741312741
gor.m.d,466,1.8454935622317596
got,752,4.3962765957446805
got.b,10,1.4
got.m,273,2.5238095238095237
got.m.b,11,1.7272727272727273
gpe,1397,2.9498926270579813
gpe.m,1530,1.3124183006535948
gr.m,38,2.210526315789474
gr.m.m,27,2.7777777777777777
gu,9521,3.0174351433672935
gu.b,37,1.3243243243243243
gu.d,366,3.4153005464480874
gu.m,85627,36.55544396043304
gu.m.b,30,1.3333333333333333
gu.m.d,800,1.22
gu.m.q,370,2.6864864864864866
gu.m.s,14523,3.2202024375129104
gu.q,76,1.7105263157894737
gu.s,2213,1.1979213737008585
guc,438,4.684931506849315
guc.m,479,1.951983298538622
gur,687,4.1965065502183405
gur.m,862,1.1438515081206497
guw,914,3.0131291028446388
guw.d,107,3.1869158878504673
guw.m,1258,1.356120826709062
guw.m.d,25,1.16
guw.m.n,49,1.1224489795918366
guw.m.q,52,1.1538461538461537
guw.n,230,13.930434782608696
guw.q,64,1.75
gv,3379,2.0571174903817697
gv.d,183,5.032786885245901
gv.m,5958,1.064115474991608
gv.m.d,63,1.2857142857142858
ha,9399,5.0814980317055
ha.d,338,5.93491124260355
ha.m,23773,13.723762251293484
ha.m.d,300,2.5933333333333333
hak,3053,2.169996724533246
hak.m,2439,1.1730217302173023
haw,982,3.5010183299389004
haw.m,719,1.6453407510431155
he,518480,22.842288998611327
he.b,2328,1.890893470790378
he.d,9005,3.2107717934480844
he.m,1714714,260.7703768675126
he.m.b,1800,1.7977777777777777
he.m.d,11585,5.747000431592577
he.m.n,232,1.4482758620689655
he.m.q,6281,6.966565833466008
he.m.s,140856,4.195831203498608
he.m.voy,1932,2.1697722567287783
he.n,399,10.408521303258146
he.q,3031,2.992081821181128
he.s,52833,2.4352393390494576
he.voy,1277,1.6358653093187157
hi,116124,3.798818504357411
hi.b,1381,1.9355539464156408
hi.d,3295,3.0661608497723822
hi.m,1229112,39.387723820123796
hi.m.b,15398,14.790881932718534
hi.m.d,16502,17.48357774815174
hi.m.m,68,8.470588235294118
hi.m.q,764,3.641361256544503
hi.m.s,12641,1.333201487224112
hi.m.v,1365,2.3597069597069598
hi.m.voy,902,6.76940133037694
hi.q,306,1.6601307189542485
hi.s,4655,2.6150375939849626
hi.v,474,1.6708860759493671
hi.voy,238,2.630252100840336
hif,4032,2.0024801587301586
hif.d,159,2.710691823899371
hif.m,7124,1.1844469399213924
hif.m.d,103,1.1359223300970873
ho,206,7.145631067961165
ho.m,29,1.7586206896551724
hr,106753,6.702809288731933
hr.b,349,1.9856733524355301
hr.d,1471,2.8653976886471786
hr.m,382225,66.64482176728367
hr.m.b,230,1.391304347826087
hr.m.d,2134,1.5145267104029991
hr.m.q,486,2.2386831275720165
hr.m.s,5282,1.357061719045816
hr.q,335,1.7223880597014924
hr.s,925,1.5362162162162163
hsb,3063,2.1230819458047665
hsb.d,207,3.898550724637681
hsb.m,1978,1.4641051567239636
hsb.m.d,124,1.032258064516129
ht,5012,2.043096568236233
ht.m,4248,1.3093220338983051
ht.m.s,858,1.6526806526806528
ht.s,409,1.0342298288508558
hu,479453,32.762712924937375
hu.b,2424,1.683168316831683
hu.d,6277,2.054325314640752
hu.m,1109547,270.15452342262205
hu.m.b,3239,2.464032108675517
hu.m.d,53129,1.3270906661145514
hu.m.n,237,2.839662447257384
hu.m.q,617,2.3841166936790925
hu.m.s,6111,1.034364261168385
hu.n,563,5.827708703374778
hu.q,646,2.7430340557275543
hu.s,1689,1.2936648904677324
hy,44162,4.18459308908111
hy.b,227,3.960352422907489
hy.d,4024,2.492544731610338
hy.m,149922,3.0187430797347954
hy.m.b,311,2.7041800643086815
hy.m.d,14671,1.5811464794492536
hy.m.q,509,1.7269155206286837
hy.m.s,15081,1.8622770373317419
hy.q,383,1.5639686684073106
hy.s,3494,1.281625643961076
hyw,2132,2.550656660412758
hyw.m,2346,1.2651321398124467
hz,202,6.594059405940594
hz.m,46,1.826086956521739
ia,4912,2.1083061889250816
ia.b,163,5.441717791411043
ia.d,333,6.237237237237237
ia.m,2285,1.3536105032822756
ia.m.b,26,1.1538461538461537
ia.m.d,238,1.1176470588235294
id,716974,53.4595117814593
id.b,3485,2.8938307030129127
id.d,15204,8.183109707971587
id.m,3414374,126.10730576088032
id.m.b,10452,12.986988136241868
id.m.d,91714,18.941557450334738
id.m.m,105,2.4857142857142858
id.m.q,2098,4.311725452812202
id.m.s,14070,4.791613361762615
id.q,831,3.4163658243080626
id.s,4835,10.461840744570837
ie,2490,2.208835341365462
ie.b,103,4.339805825242719
ie.d,262,4.106870229007634
ie.m,1127,1.5199645075421473
ie.m.b,27,1.3703703703703705
ie.m.d,170,1.1647058823529413
ig,6623,7.680960289898837
ig.d,103,2.6699029126213594
ig.m,31946,729.1916358855568
ig.m.d,103,1.174757281553398
ig.m.q,209,2.1196172248803826
ig.q,123,1.6016260162601625
igl,251,6.824701195219124
igl.m,299,1.2006688963210703
ii,79,1.5316455696202531
ii.m,44,1.2272727272727273
ik,748,5.016042780748663
ik.d,77,3.311688311688312
ik.m,230,1.7826086956521738
ik.m.d,21,1.380952380952381
il.m,7,1
ilo,4121,2.183693278330502
ilo.m,3709,1.149905634942033
incubator.m,17597,3.0211399670398364
incubator.m.m,33905,1.3718035687951629
inh,3326,3.58749248346362
inh.m,710,2.6619718309859155
io,7103,1.9246797127974096
io.d,2042,3.4103819784524974
io.m,33155,4.423616347458905
io.m.d,3687,1.1052346080824518
is,19518,2.759913925607132
is.b,297,1.9292929292929293
is.d,1510,4.3827814569536425
is.m,22212,5.037907437421214
is.m.b,183,1.3715846994535519
is.m.d,2332,1.2367066895368781
is.m.q,87,1.2298850574712643
is.m.s,1601,1.0674578388507183
is.q,98,2.5510204081632653
is.s,613,1.466557911908646
it,3041898,229.26975329218797
it.b,5177,2.568862275449102
it.d,14100,2.6382978723404253
it.m,10333719,481.70910966322964
it.m.b,5078,2.7073651043718
it.m.d,27017,2.0303142465854833
it.m.n,1548,1.483204134366925
it.m.q,25431,4.955172820573316
it.m.s,117918,1.5003137773707151
it.m.v,6391,1.8803004224690971
it.m.voy,9415,18.53011152416357
it.n,2875,17.131478260869564
it.q,13260,4.376923076923077
it.s,19140,8.195506792058517
it.v,3612,2.586932447397564
it.voy,6272,8.441326530612244
iu,691,5.555716353111433
iu.d,359,5.027855153203342
iu.m,232,1.7327586206896552
iu.m.d,65,1.4307692307692308
ja,9325380,570.2665461353854
ja.b,21819,7.723864521747101
ja.d,46381,3.357473965632479
ja.m,18040794,431.7935829210178
ja.m.b,18534,3.7744685442969677
ja.m.d,49196,3.3871046426538745
ja.m.n,2422,4.3781998348472335
ja.m.q,1325,2.5275471698113208
ja.m.s,11654,3.130770550883817
ja.m.v,1160,2.089655172413793
ja.m.voy,753,2.3864541832669324
ja.n,2664,5.671921921921922
ja.q,831,2.696750902527076
ja.s,5963,2.979540499748449
ja.v,681,2.7944199706314246
ja.voy,845,2.046153846153846
jam,1170,3.2905982905982905
jam.m,1340,1.5462686567164179
jbo,1253,3.327214684756584
jbo.d,211,3.5687203791469195
jbo.m,1255,1.5466135458167332
jbo.m.d,82,1.0731707317073171
jv,10010,1.8231768231768233
jv.d,623,5.430176565008026
jv.m,25392,1.8933522369250158
jv.m.d,3142,5.9700827498408655
jv.m.s,1440,1.1027777777777779
jv.s,1206,1.4162520729684909
ka,51564,6.319370103172756
ka.b,162,2.185185185185185
ka.d,1093,4.655992680695334
ka.m,159038,18.85207308945032
ka.m.b,168,1.2738095238095237
ka.m.d,1438,1.4422809457579973
ka.m.q,421,1.850356294536817
ka.m.s,147,1.0952380952380953
ka.q,376,3.5904255319148937
ka.s,166,1.6506024096385543
kaa,2113,3.089919545669664
kaa.d,84,3.238095238095238
kaa.m,2247,1.3266577659101024
kaa.m.d,38,1.368421052631579
kab,1895,2.529287598944591
kab.m,4649,1.113142611314261
kbd,894,4.7225950782997765
kbd.d,410,1.9951219512195122
kbd.m,341,1.5571847507331378
kbd.m.d,1377,3.4095860566448803
kbp,1044,3.2701149425287355
kbp.m,1136,1.2024647887323943
kcg,6201,24.925173359135623
kcg.d,208,1.8076923076923077
kcg.m,4779,8.57187696170747
kcg.m.d,185,1.0432432432432432
kg,814,4.27027027027027
kg.m,273,1.9816849816849818
ki,782,4.744245524296675
ki.m,221,1.742081447963801
kj,207,8.603864734299517
kj.m,41,2.902439024390244
kk,24028,2.1852005993008157
kk.b,340,2.4235294117647057
kk.d,567,5.074074074074074
kk.m,78579,4.481769938533196
kk.m.b,1540,5.154545454545454
kk.m.d,607,1.1021416803953872
kk.m.q,142,3.056338028169014
kk.q,84,2.5238095238095237
kl,638,5.282131661442007
kl.d,241,4.850622406639004
kl.m,265,1.769811320754717
kl.m.d,86,1.1162790697674418
km,14510,38.46809097174363
km.b,141,2.1631205673758864
km.d,2281,2.0784743533537924
km.m,60929,91.23483070459059
km.m.b,263,1.8669201520912548
km.m.d,10379,2.0791020329511514
kn,15960,4.253759398496241
kn.b,35,1.457142857142857
kn.d,1968,3.1280487804878048
kn.m,119736,8.198637001403087
kn.m.b,22,1.2727272727272727
kn.m.d,15380,7.1148244473342
kn.m.q,163,2.6932515337423313
kn.m.s,7172,2.2562744004461797
kn.q,186,3.924731182795699
kn.s,2034,1.2900688298918388
ko,655522,23.41882042097748
ko.b,952,1.726890756302521
ko.d,15901,2.748820828878687
ko.m,1649887,158.49703222099453
ko.m.b,522,1.6590038314176245
ko.m.d,22472,1.9837130651477395
ko.m.n,186,1.096774193548387
ko.m.q,1590,2.4138364779874215
ko.m.s,15898,2.601333501069317
ko.m.v,282,1.1347517730496455
ko.n,697,5.78909612625538
ko.q,562,2.106761565836299
ko.s,5920,2.435472972972973
ko.v,450,2.071111111111111
koi,703,4.243243243243243
koi.m,479,1.6680584551148225
kr,128,5.015625
kr.m,26,1.6153846153846154
kr.m.q,19,1
kr.q,37,1.2162162162162162
krc,1366,3.260614934114202
krc.m,903,2.592469545957918
ks,2040,2.4098039215686273
ks.b,30,1
ks.d,194,3.051546391752577
ks.m,2922,1.108145106091718
ks.m.b,14,1
ks.m.d,200,1.13
ks.m.q,4,1
ks.q,31,1.3225806451612903
ksh,2214,2.7868112014453477
ksh.m,4372,1.1372369624885637
ku,11419,3.1781241789999126
ku.b,111,1.954954954954955
ku.d,4556,4.179543459174715
ku.m,43052,1.1763448852550404
ku.m.b,27,1.5925925925925926
ku.m.d,8107,1.8094239546071296
ku.m.q,64,1.375
ku.q,88,2.0454545454545454
kus,198,8.525252525252526
kus.m,60,1.8666666666666667
kv,1352,3.1863905325443787
kv.m,656,1.4481707317073171
kw,3195,2.6444444444444444
kw.d,153,5.091503267973856
kw.m,5036,1.0972994440031771
kw.m.d,57,1.1403508771929824
kw.m.q,12,1.8333333333333333
kw.q,42,2.5714285714285716
ky,9065,18.05019305019305
ky.b,71,3.1971830985915495
ky.d,837,2.7156511350059738
ky.m,17141,3.1914707426637885
ky.m.b,148,2.054054054054054
ky.m.d,1416,1.0466101694915255
ky.m.q,294,12.727891156462585
ky.q,102,2.6470588235294117
la,19459,3.7943882008325196
la.b,1282,2.709828393135725
la.d,1429,5.137158852344297
la.m,50983,1.161426357805543
la.m.b,49,1.2040816326530612
la.m.d,2442,1.1375921375921376
la.m.q,98,1.163265306122449
la.m.s,9976,1.1026463512429832
la.q,252,2.642857142857143
la.s,4454,2.1508756174225416
lad,1572,2.763358778625954
lad.m,1534,1.2242503259452413
lb,9354,3.1763951250801794
lb.b,38,1.263157894736842
lb.d,441,2.7369614512471654
lb.m,7888,1.5266227180527383
lb.m.b,22,1.0909090909090908
lb.m.d,600,1.0533333333333332
lb.m.q,41,1.0975609756097562
lb.q,44,2.5
lbe,682,4.609970674486804
lbe.m,290,1.7655172413793103
lez,1222,2.8330605564648117
lez.m,742,1.3962264150943395
lfn,1724,2.788863109048724
lfn.m,1303,1.27168073676132
lg,904,5.278761061946903
lg.m,636,2.3207547169811322
li,3564,2.212682379349046
li.b,132,1.9848484848484849
li.d,1848,3.3225108225108224
li.m,3598,7.778765981100611
li.m.b,56,1.1071428571428572
li.m.d,2566,1.0202650038971162
li.m.n,102,1.3725490196078431
li.m.q,80,1.025
li.m.s,415,1.0771084337349397
li.n,306,12.72549019607843
li.q,122,1.8852459016393444
li.s,275,1.3636363636363635
lij,2699,2.899221934049648
lij.m,3671,1.2854807954235903
lij.m.s,2348,1.01618398637138
lij.s,971,1.2059732234809475
lld,6696,1.5952807646356033
lld.m,12754,1.0340285400658618
lmo,6439,2.042087280633639
lmo.d,743,3.034993270524899
lmo.m,11108,1.2599927979834353
lmo.m.d,700,1.1171428571428572
ln,1454,3.1636863823933976
ln.b,18,1.1111111111111112
ln.d,185,4.686486486486486
ln.m,941,1.2826780021253985
ln.m.b,51,1.5098039215686274
ln.m.d,55,1.1818181818181819
lo,2413,2.352673021135516
lo.d,848,2.858490566037736
lo.m,8504,9.097601128880527
lo.m.d,1315,1.0608365019011408
lrc,188,6.659574468085107
lrc.m,78,2.6153846153846154
lt,77128,5.975313764132351
lt.b,467,3.6167023554603857
lt.d,2397,4.786399666249478
lt.m,134155,6.10096530133055
lt.m.b,325,1.1476923076923078
lt.m.d,4442,1.3057181449797388
lt.m.q,421,1.7790973871733966
lt.m.s,595,1.2050420168067226
lt.q,423,1.9125295508274232
lt.s,389,1.7043701799485862
ltg,710,4.3887323943661976
ltg.m,210,1.4190476190476191
lv,48931,6.772986450307576
lv.b,55,3.0727272727272728
lv.d,622,3.967845659163987
lv.m,68184,6.555555555555555
lv.m.b,44,1.2727272727272727
lv.m.d,638,1.0877742946708464
m.s,24485,5.084786604043292
m.w,71650,28.6666852756455
m.wd,310675,9.534043614709907
mad,613,4.106035889070147
mad.m,649,1.4591679506933743
mai,3872,1.7696280991735538
mai.m,15123,1.1866031871983072
mai.m.m,19,3.6315789473684212
map-bms,2498,2.7838270616493195
map-bms.m,4157,9.78277604041376
mdf,2106,3.4444444444444446
mdf.m,1171,1.1246797608881298
meta.m,192355,47.14422292116139
meta.m.m,150214,13.988216810683426
mg,6314,2.1951219512195124
mg.b,143,1.979020979020979
mg.d,2672,2.3884730538922154
mg.m,6054,1.248761149653122
mg.m.b,73,2.4794520547945207
mg.m.d,3260,1.0570552147239263
mh,221,6.538461538461538
mh.d,25,2.52
mh.m,34,2.0588235294117645
mh.m.d,20,1.8
mhr,2055,2.512408759124088
mhr.m,1912,1.463389121338912
mi,3616,12.194690265486726
mi.b,12,1.1666666666666667
mi.d,384,3.8645833333333335
mi.m,2263,1.209456473707468
mi.m.b,15,1.6666666666666667
mi.m.d,174,1.0919540229885059
min,3455,2.96931982633864
min.d,208,3.144230769230769
min.m,19984,1.1635308246597278
min.m.d,375,1.4213333333333333
mk,24635,2.9404099857925714
mk.b,263,1.570342205323194
mk.d,297,4.892255892255892
mk.m,47785,5.862697499215235
mk.m.b,544,1.1213235294117647
mk.m.d,313,1.121405750798722
mk.m.m,42,2.0952380952380953
mk.m.s,2745,1.1224043715846994
mk.s,411,2.2311435523114356
ml,24937,3.2595340257448773
ml.b,141,1.9361702127659575
ml.d,2508,2.216108452950558
ml.m,229069,12.75485988937831
ml.m.b,199,1.3919597989949748
ml.m.d,8315,2.5047504509921827
ml.m.q,1287,8.087801087801088
ml.m.s,14411,2.5041287905072513
ml.q,334,1.874251497005988
ml.s,2349,1.4137931034482758
mn,13720,2.7033527696793005
mn.b,32,1.5625
mn.d,717,2.414225941422594
mn.m,35641,3.0607165904435902
mn.m.b,16,1.375
mn.m.d,1477,1.3236289776574137
mni,1786,2.2318029115341544
mni.d,119,3.100840336134454
mni.m,3461,1.251950303380526
mni.m.d,43,1.0465116279069768
mnw,1266,2.6382306477093205
mnw.d,2539,1.482867270578968
mnw.m,2926,1.2030075187969924
mnw.m.d,6405,1.0115534738485559
mr,30542,11.937790583458844
mr.b,76,2.1842105263157894
mr.d,563,3.039076376554174
mr.m,333715,353.3372518466356
mr.m.b,276,8.659420289855072
mr.m.d,1230,1.4146341463414633
mr.m.q,262,5.030534351145038
mr.m.s,22986,69.55398938484295
mr.q,98,1.6326530612244898
mr.s,2851,2.440196422307962
mrj,1354,3.1698670605613
mrj.m,651,1.325652841781874
ms,133052,9.141613805128822
ms.b,432,1.5972222222222223
ms.d,2543,4.680692095949666
ms.m,481052,23.430423322218804
ms.m.b,703,1.2759601706970127
ms.m.d,5733,5.855049712192569
ms.m.s,570,1.280701754385965
ms.s,423,1.591016548463357
mt,3154,2.4831959416613825
mt.d,234,4.769230769230769
mt.m,5266,1.106722369920243
mt.m.d,186,1.096774193548387
mus,187,8.176470588235293
mus.m,43,2.2093023255813953
mwl,1452,2.8236914600550964
mwl.m,1034,1.1779497098646035
mx.m,143,2.664335664335664
mx.m.m,64,2.40625
my,16754,4.087143368747761
my.b,48,1
my.d,1381,2.5409123823316437
my.m,89594,3.831551219947764
my.m.b,41,1.0975609756097562
my.m.d,15677,1.3947183772405434
my.m.s,163,1.2576687116564418
my.s,135,1.9185185185185185
myv,1619,2.720815318097591
myv.m,768,1.546875
mzn,3966,2.1502773575390823
mzn.m,6983,2.2822569096376917
na,270,2.8074074074074074
na.b,44,1.5
na.d,498,6.763052208835341
na.m,45,1.0444444444444445
na.m.b,27,1.5185185185185186
na.m.d,70,1.2857142857142858
na.m.q,15,1.5333333333333334
na.q,17,1.1176470588235294
nah,1219,3.0032813781788352
nah.b,5,1
nah.d,284,4.091549295774648
nah.m,1286,1.1493001555209954
nah.m.b,9,1.4444444444444444
nah.m.d,224,1.0982142857142858
nap,2337,2.7637997432605905
nap.m,2382,1.3182199832073886
nap.m.s,1484,1.3611859838274933
nap.s,819,1.3565323565323566
nds,23152,1.4980131306150657
nds-nl,2854,2.3314646110721795
nds-nl.m,2434,1.3829087921117502
nds.b,47,2.0638297872340425
nds.d,2123,1.7856806406029204
nds.m,5311,1.1879118810016946
nds.m.b,16,1.25
nds.m.d,3161,1.01202151217969
nds.m.q,16,1.125
nds.q,43,2.5813953488372094
ne,13244,2.671851404409544
ne.b,195,2.4256410256410255
ne.d,386,3.5958549222797926
ne.m,44085,2.263468299875241
ne.m.b,546,5.058608058608058
ne.m.d,722,1.9861495844875345
new,4592,5.269163763066202
new.m,10672,1.6920914542728636
ng,226,3.6371681415929205
ng.m,83,2.8072289156626504
ng.m.m,16,3.25
nia,1128,2.9893617021276597
nia.d,315,3.6285714285714286
nia.m,848,1.275943396226415
nia.m.d,356,2.460674157303371
nl,1092020,119.33849196901156
nl.b,2403,1.9471493965875988
nl.d,39444,48.070226143393164
nl.m,2709280,115.42299356286541
nl.m.b,2335,2.5734475374732333
nl.m.d,29037,2.2862210283431486
nl.m.m,1399,3.7548248749106503
nl.m.n,469,1.7078891257995736
nl.m.q,469,2.0575692963752665
nl.m.s,6026,1.282442748091603
nl.m.voy,1306,1.7886676875957122
nl.n,942,6.823779193205945
nl.q,654,2.324159021406728
nl.s,2755,1.544464609800363
nl.voy,1333,2.143285821455364
nn,20361,3.214134865674574
nn.d,446,4.358744394618834
nn.m,68996,1.241463273233231
nn.m.d,293,1.0409556313993173
nn.m.q,237,1.2531645569620253
nn.q,658,1.3495440729483283
no,196670,16.529963898916968
no.b,262,2.0229007633587788
no.d,2233,4.057769816390506
no.m,590395,60.72417110578511
no.m.b,234,1.452991452991453
no.m.d,4273,1.2017318043529137
no.m.m,89,1.0449438202247192
no.m.n,112,1.3928571428571428
no.m.q,320,1.725
no.m.s,3763,1.0398618123837364
no.n,392,10.158163265306122
no.q,287,2.226480836236934
no.s,3004,1.7250332889480693
nostalgia,573,1.9389179755671901
nov,1345,2.8765799256505575
nov.m,1882,1.1721572794899044
nqo,501,4.724550898203593
nqo.m,536,1.5746268656716418
nrm,1668,2.431654676258993
nrm.m,1293,1.3418406805877803
nso,2517,2.6273341279300757
nso.m,3290,5.159270516717325
nv,1967,2.7142857142857144
nv.m,1314,1.2846270928462709
ny,946,3.788583509513742
ny.m,361,2.2132963988919667
nyc.m,296,6.9391891891891895
nyc.m.m,53,4.2075471698113205
nz.m,29,2.310344827586207
nz.m.m,9,1.2222222222222223
oc,11387,6.26161412136647
oc.b,69,2.681159420289855
oc.d,1209,4.29859387923904
oc.m,6417,1.1524076671341748
oc.m.b,63,1.1587301587301588
oc.m.d,1990,1.0412060301507537
olo,1523,2.960604070912672
olo.m,646,1.4024767801857585
om,1072,3.8917910447761193
om.d,475,2.945263157894737
om.m,2661,4.2499060503570085
om.m.d,523,1.0382409177820269
or,6053,1.7910127209648108
or.d,391,5.6445012787723785
or.m,20616,1.5926464881645324
or.m.d,741,1.6558704453441295
or.m.s,4306,2.121690664189503
or.s,800,1.1825
os,3489,2.366580682143881
os.m,1796,1.3318485523385302
outreach.m,3972,4.177240684793555
outreach.m.m,3658,1.11864406779661
pa,11784,2.7331975560081467
pa.b,220,1.490909090909091
pa.d,275,5.923636363636364
pa.m,42604,1.6133226927049102
pa.m.b,395,1.0911392405063292
pa.m.d,278,1.669064748201439
pa.m.s,7139,1.0728393332399495
pa.s,1368,1.2763157894736843
pag,1358,2.8630338733431517
pag.m,1113,1.2875112309074572
pam,3744,5.432158119658119
pam.m,10581,1.127398166524903
pap,2194,3.2643573381950777
pap.m,1622,2.156596794081381
pcd,1371,3.12107950401167
pcd.m,1832,1.361353711790393
pcm,704,3.34375
pcm.m,1252,1.170926517571885
pdc,1197,4.12781954887218
pdc.m,600,1.6766666666666667
pfl,5286,2.238743851683693
pfl.m,436,1.2293577981651376
pi,853,4.284876905041032
pi.d,17,2.176470588235294
pi.m,2425,1.1665979381443299
pi.m.d,17,2.2941176470588234
pih,1050,4.563809523809524
pih.m,986,1.4401622718052738
pl,2011028,103.34457998595742
pl.b,2573,2.5950252623396812
pl.d,44550,6.509809203142536
pl.m,4274846,214.90432637807302
pl.m.b,3127,11.076111288775184
pl.m.d,66035,5.549314757325661
pl.m.m,1039,1.0712223291626564
pl.m.n,1503,1.2754491017964071
pl.m.q,10534,5.543193468767799
pl.m.s,130407,1.093093162176877
pl.m.voy,3011,1.5220856858186649
pl.n,4449,6.934816812766914
pl.q,8029,2.984306887532694
pl.s,13713,2.0552030919565376
pl.voy,1972,1.8377281947261663
pms,75468,1.0704404515821275
pms.m,3415,1.1288433382137628
pms.m.s,673,1.0326894502228827
pms.s,796,1.4246231155778895
pnb,72838,11.36879101567863
pnb.d,291,2.5463917525773194
pnb.m,43151,1.0803225881207852
pnb.m.d,297,1.2760942760942762
pnt,1283,3.283710054559626
pnt.m,769,1.3615084525357608
ps,4750,2.096421052631579
ps.b,60,1.2
ps.d,296,3.8513513513513513
ps.m,10778,1.3995175357209129
ps.m.b,24,1.25
ps.m.d,738,2.289972899728997
ps.m.voy,135,1.9925925925925927
ps.voy,609,2.6683087027914616
pt,2118150,170.44688053254018
pt.b,4766,2.5446915652538817
pt.d,6977,4.163537336964311
pt.m,5132197,430.89236110772833
pt.m.b,6817,1.9772627255390935
pt.m.d,13615,4.06294528094014
pt.m.m,45,1.3111111111111111
pt.m.n,1518,2.0303030303030303
pt.m.q,2629,2.01179155572461
pt.m.s,25167,1.212023681805539
pt.m.v,4535,5.9045203969129
pt.m.voy,1671,2.601436265709156
pt.n,3000,14.035333333333334
pt.q,1927,2.518422418266736
pt.s,5420,1.603690036900369
pt.v,2789,30.307995697382573
pt.voy,1282,1.9750390015600625
pwn,282,6.411347517730497
pwn.m,116,2.0689655172413794
qu,5255,1.7056137012369172
qu.b,25,1.8
qu.d,170,5.305882352941176
qu.m,2182,1.1714023831347389
qu.m.b,49,1.0408163265306123
qu.m.d,74,1.135135135135135
qu.m.q,12,1.1666666666666667
qu.q,46,2.5652173913043477
rm,4321,1.6618838231890767
rm.b,12,1.6666666666666667
rm.d,36,2.9444444444444446
rm.m,590,2.7084745762711866
rm.m.b,5,2.2
rm.m.d,11,2.8181818181818183
rmy,6593,579.7844683755499
rmy.m,292,1.547945205479452
rn,562,6.224199288256227
rn.d,13,1.3076923076923077
rn.m,218,1.6238532110091743
rn.m.d,9,1.8888888888888888
ro,217938,8.078141489781498
ro.b,642,1.5109034267912773
ro.d,4239,7.77659825430526
ro.m,789433,27.30452996011061
ro.m.b,538,2.137546468401487
ro.m.d,9764,3
ro.m.n,117,1.2564102564102564
ro.m.q,394,3.4111675126903553
ro.m.s,5228,3.6499617444529457
ro.m.voy,963,4.3125649013499485
ro.n,382,9.837696335078535
ro.q,267,2.161048689138577
ro.s,2630,1.3741444866920152
ro.voy,895,6.65586592178771
roa-rup,771,3.8430609597924774
roa-rup.d,153,5.222222222222222
roa-rup.m,445,2.635955056179775
roa-rup.m.d,47,1.127659574468085
roa-tara,1821,2.598023064250412
roa-tara.m,1298,1.453004622496148
rs.m,224,2.5535714285714284
rs.m.m,214,1.6261682242990654
ru,7413282,242.41285492714294
ru.b,6978,3.946976210948696
ru.d,156545,6.04947459197036
ru.m,17980898,253.1903055119939
ru.m.b,6088,5.181340341655716
ru.m.d,671308,26.701517038378807
ru.m.m,1359,1.1751287711552612
ru.m.n,41723,18.945114205594038
ru.m.q,27355,9.139791628587096
ru.m.s,162717,2.4266118475635614
ru.m.v,1465,4.077133105802048
ru.m.voy,6682,2.2358575276863215
ru.n,37576,6.501809665744092
ru.q,13470,2.3198218262806236
ru.s,31276,2.4903440337639084
ru.v,1220,2.2852459016393443
ru.voy,5218,4.333077807589115
rue,15338,1.3583257269526665
rue.m,9261,1.2729726811359465
rw,3075,3.2452032520325202
rw.d,216,5.472222222222222
rw.m,6267,2.302696665071007
rw.m.d,58,1.1724137931034482
sa,4672,3.0107020547945207
sa.b,191,1.8272251308900525
sa.d,1352,2.0162721893491122
sa.m,21732,2.6176145775814468
sa.m.b,684,5.517543859649122
sa.m.d,5115,3.241642228739003
sa.m.q,674,4.086053412462908
sa.m.s,23996,2.621853642273712
sa.q,415,1.655421686746988
sa.s,4292,6.603448275862069
sah,3820,2.2895287958115182
sah.m,2710,1.5424354243542435
sah.m.q,79,1.2531645569620253
sah.m.s,530,1.6037735849056605
sah.q,80,1.7
sah.s,384,1.5833333333333333
sat,3419,2.0605440187189235
sat.m,6039,1.287464812054976
sc,2872,2.652506963788301
sc.d,70,3.2285714285714286
sc.m,1278,1.65414710485133
sc.m.d,40,1.05
scn,4425,1.936497175141243
scn.d,645,3.9953488372093022
scn.m,5879,1.229971083517605
scn.m.d,4172,1.3202301054650047
sco,13589,2.1313562440208993
sco.m,47334,1.3060801960535766
sd,7062,1.9280657037666384
sd.d,230,5.452173913043478
sd.m,14081,1.1518358071159718
sd.m.d,145,1.110344827586207
sd.m.n,61,1.1967213114754098
sd.n,227,4.136563876651983
se,12028,1.3084469571000998
se.b,46,3.260869565217391
se.m,3156,1.3878326996197718
se.m.b,21,1.5714285714285714
se.m.m,3032,1.1391820580474934
sg,648,5.561728395061729
sg.d,2082,3.07492795389049
sg.m,160,1.9375
sg.m.d,2442,1.0442260442260443
sh,50068,2.7748262363186065
sh.d,2321,2.910383455407152
sh.m,111799,4.796939149724058
sh.m.d,4712,1.201188455008489
shi,906,3.355408388520971
shi.m,508,1.7086614173228347
shn,4145,1.7879372738238841
shn.b,505,1.2891089108910891
shn.d,1659,1.5654008438818565
shn.m,10972,1.054320087495443
shn.m.b,1454,1.045392022008253
shn.m.d,3496,1.009725400457666
shn.m.voy,616,1.094155844155844
shn.voy,392,5.591836734693878
shy.d,164,1.8780487804878048
shy.m.d,91,1.021978021978022
si,15326,4.853843142372439
si.b,889,1.2564679415073117
si.d,688,2.363372093023256
si.m,74490,3.8389314001879447
si.m.b,1866,1.4180064308681672
si.m.d,7569,1.1165279429250892
simple,355431,1243.791219674142
simple.b,13418,165.58115963630942
simple.d,4910,2.4639511201629327
simple.m,401932,21.795343490938766
simple.m.b,2077,1.1771786230139625
simple.m.d,13450,1.2907063197026023
simple.m.q,2686,1.1102010424422935
simple.q,1283,1.372564302416212
sk,120217,13.00505752098289
sk.b,327,2.4250764525993884
sk.d,1256,3.9713375796178343
sk.m,234834,36.50295953737534
sk.m.b,589,6.202037351443124
sk.m.d,1972,1.105476673427992
sk.m.q,1380,15.479710144927536
sk.m.s,1110,1.2216216216216216
sk.q,1082,3.567467652495379
sk.s,294,1.6462585034013606
skr,6109,1.2989032574889507
skr.d,733,1.859481582537517
skr.m,542,1.5166051660516606
skr.m.d,1160,1.1051724137931034
sl,70277,3.5737012109224926
sl.b,164,3.2560975609756095
sl.d,795,4.952201257861635
sl.m,187924,2.946840212000596
sl.m.b,109,1.165137614678899
sl.m.d,1233,4.038118410381184
sl.m.q,633,1.9036334913112165
sl.m.s,14752,1.0329446854663775
sl.m.v,143,1.2377622377622377
sl.q,438,1.7442922374429224
sl.s,1930,1.3139896373056994
sl.v,203,2.1330049261083746
sm,927,3.802588996763754
sm.d,301,4.681063122923588
sm.m,388,1.5360824742268042
sm.m.d,246,1.048780487804878
smn,8747,1.310506459357494
smn.m,2280,1.5719298245614035
sn,2748,2.3347889374090247
sn.d,83,3.216867469879518
sn.m,5268,1.2718299164768414
sn.m.d,29,3.689655172413793
so,4935,12.181762917933131
so.d,597,4.0954773869346734
so.m,19032,107.84762505254308
so.m.d,137,1.072992700729927
species.m,40965,9.064347613816674
species.m.m,76496,2.728351809244928
sq,24404,2.267333224061629
sq.b,511,2.0176125244618395
sq.d,716,3.695530726256983
sq.m,86062,3.146940577723037
sq.m.b,791,1.7357774968394437
sq.m.d,1326,1.1749622926093515
sq.m.n,526,1.0342205323193916
sq.m.q,407,2.4692874692874693
sq.n,300,10.44
sq.q,176,1.5795454545454546
sr,135046,3.4168357448573077
sr.b,417,1.9544364508393286
sr.d,6928,2.4255196304849886
sr.m,525067,22.177613523607462
sr.m.b,381,1.4304461942257218
sr.m.d,101173,1.9374437844088839
sr.m.n,1769,1.0520067834934992
sr.m.q,819,1.3711843711843712
sr.m.s,25976,1.534724360948568
sr.n,1219,3.3314191960623463
sr.q,1019,1.547595682041217
sr.s,2655,1.2531073446327683
srn,515,4.941747572815534
srn.m,653,4.225114854517611
ss,571,5.658493870402802
ss.d,289,4.231833910034602
ss.m,275,3.2981818181818183
ss.m.d,51,2.2941176470588234
st,571,6.005253940455342
st.d,202,6.237623762376238
st.m,520,15.942307692307692
st.m.d,146,3.0821917808219177
stq,1247,3.5148356054530874
stq.m,400,1.97
strategy.m,8787,35.40104700125185
strategy.m.m,23808,107.89818548387096
su,6126,2.0133855697029057
su.b,68,3.2058823529411766
su.d,316,7.341772151898734
su.m,17220,3.3225319396051103
su.m.b,19,1.105263157894737
su.m.d,211,1.1421800947867298
su.m.q,716,1.723463687150838
su.m.s,978,2.3844580777096116
su.q,104,1.5961538461538463
su.s,572,1.2272727272727273
sv,447075,44.883182911144665
sv.b,845,1.944378698224852
sv.d,11307,3.2131423012293268
sv.m,1686097,290.9541995507969
sv.m.b,577,2.02946273830156
sv.m.d,23356,1.741222812125364
sv.m.n,194,1.1443298969072164
sv.m.q,903,1.434108527131783
sv.m.s,7257,1.1598456662532728
sv.m.v,121,2.520661157024793
sv.m.voy,1061,1.5655042412818096
sv.n,1158,5.265975820379966
sv.q,530,2.120754716981132
sv.s,4124,1.5838991270611058
sv.v,275,4.796363636363636
sv.voy,883,4.873159682899208
sw,14597,2.164211824347469
sw.b,52,2
sw.d,664,3.8463855421686746
sw.m,84398,6.599895732126353
sw.m.b,32,1.375
sw.m.d,2164,2.032347504621072
szl,3488,2.555045871559633
szl.m,2823,1.289762663832802
szy,870,4.195402298850575
szy.m,539,1.2523191094619666
ta,51573,2.5582960076008763
ta.b,312,2.3846153846153846
ta.d,5489,3.7702678083439607
ta.m,338424,5.914633713920998
ta.m.b,708,2.209039548022599
ta.m.d,24058,3.2317732147310667
ta.m.n,1066,1.151969981238274
ta.m.q,964,6.5850622406639
ta.m.s,97650,4.515391705069124
ta.n,1016,6.326771653543307
ta.q,348,2.189655172413793
ta.s,6223,2.4587819379720393
tay,558,3.759856630824373
tay.m,228,1.736842105263158
tcy,1741,2.8897185525560025
tcy.m,4082,1.4914257716805488
te,28537,13.400112135122823
te.b,147,2.0340136054421767
te.d,2961,2.194866599121918
te.m,211499,9.52258403113017
te.m.b,550,2.458181818181818
te.m.d,12346,1.74582860845618
te.m.q,376,1.7074468085106382
te.m.s,41088,2.1764018691588785
te.q,259,2.5212355212355213
te.s,3726,1.6666666666666667
ten,16577,610.8010496471014
ten.m,62,1.2903225806451613
test,745,6.74496644295302
test.m,189,3.8465608465608465
test2,6045,151.5763440860215
test2.m,13653,257.05478649381087
tet,987,3.7558257345491386
tet.m,765,2.354248366013072
tg,11482,1.8212854903326947
tg.b,340,1.2941176470588236
tg.d,1683,1.0903149138443256
tg.m,40011,1.175551723276099
tg.m.b,144,3.9027777777777777
tg.m.d,4700,1.0127659574468084
th,432270,12.787072894255905
th.b,2010,2.575124378109453
th.d,7631,2.5691259336915215
th.m,1407612,39.36202589918245
th.m.b,5404,10.6039970392302
th.m.d,21376,11.012724550898204
th.m.n,77,1.155844155844156
th.m.q,819,1.7252747252747254
th.m.s,13987,4.367698577250303
th.n,192,4.40625
th.q,456,1.6403508771929824
th.s,3673,1.9692349578001633
thankyou,56122,1806.3315633797797
thankyou.m,679,39.79528718703976
ti,560,5.010714285714286
ti.d,173,5.786127167630058
ti.m,267,1.9213483146067416
ti.m.d,43,1.3255813953488371
tk,3016,2.4748010610079576
tk.b,42,1.7619047619047619
tk.d,139,2.2661870503597124
tk.m,7325,3.4207508532423208
tk.m.b,28,1.5
tk.m.d,117,1.1025641025641026
tk.m.q,19,1.2105263157894737
tk.q,57,1.912280701754386
tl,42143,10.71245521201623
tl.b,408,1.4901960784313726
tl.d,749,3.2803738317757007
tl.m,302542,139.53595864375856
tl.m.b,1292,3.4210526315789473
tl.m.d,1784,3.087443946188341
tl.m.q,135,1.548148148148148
tl.q,127,1.4566929133858268
tly,1876,2.6695095948827294
tly.m,576,1.5347222222222223
tn,1203,8.373233582709892
tn.d,130,4.153846153846154
tn.m,1486,6.288021534320323
tn.m.d,32,1.3125
to,948,5.529535864978903
to.d,52,2.8461538461538463
to.m,340,1.8352941176470587
to.m.d,5,1.8
tpi,1058,3.8827977315689983
tpi.d,197,4.624365482233503
tpi.m,1546,1.203104786545925
tpi.m.d,60,1.3
tr,883239,45.09015453348414
tr.b,1473,1.792939579090292
tr.d,6276,2.8773103887826643
tr.m,3193395,261.85088315100387
tr.m.b,1971,2.0705225773718925
tr.m.d,14348,5.774881516587678
tr.m.m,195,1.4205128205128206
tr.m.n,397,1.0957178841309825
tr.m.q,9878,9.042316258351892
tr.m.s,20470,2.7961895456766
tr.m.voy,638,1.2852664576802508
tr.n,560,4.785714285714286
tr.q,3447,2.411662315056571
tr.s,3595,1.8139082058414464
tr.voy,561,6.607843137254902
trv,500,4.852
trv.m,144,1.5
ts,871,4.230769230769231
ts.d,203,5.206896551724138
ts.m,1293,10.51894818252127
ts.m.d,35,1.2285714285714286
tt,12768,2.0839598997493733
tt.b,356,3.8202247191011236
tt.d,600,5.523333333333333
tt.m,6637,1.486364321229471
tt.m.b,278,3.035971223021583
tt.m.d,143,1.097902097902098
tt.m.q,140,1.1285714285714286
tt.q,42,2.380952380952381
tum,3057,1.9630356558717696
tum.m,4787,1.0722790891999165
tw,1202,4.722129783693844
tw.d,21,1.0952380952380953
tw.m,376,1.6170212765957446
tw.m.d,2,1
ty,662,3.921450151057402
ty.m,209,1.6889952153110048
tyv,869,3.4971231300345225
tyv.m,310,1.264516129032258
ua.m,371,2.7358490566037736
ua.m.m,2422,38.827415359207265
udm,1566,2.8326947637292466
udm.m,690,1.5304347826086957
ug,2287,2.794490599038041
ug.b,74,1.1891891891891893
ug.d,223,4.2825112107623315
ug.m,824,1.9563106796116505
ug.m.b,35,1.1714285714285715
ug.m.d,72,1.0277777777777777
ug.m.q,61,1.2622950819672132
ug.q,49,1.8571428571428572
uk,636659,9.98517102561968
uk.b,964,1.612033195020747
uk.d,3765,3.905179282868526
uk.m,1476299,13.046229117543263
uk.m.b,313,1.6900958466453675
uk.m.d,5318,4.797668296352012
uk.m.n,264,1.25
uk.m.q,1794,1.3377926421404682
uk.m.s,68675,1.669151801965781
uk.m.voy,1523,12.518056467498358
uk.n,1148,7.473867595818815
uk.q,1557,1.9017341040462428
uk.s,9315,2.133870101986044
uk.voy,920,4.958695652173913
ur,32776,2.8469611911154504
ur.b,218,3.779816513761468
ur.d,780,5.312820512820513
ur.m,167440,5.089954610606784
ur.m.b,466,3.0858369098712446
ur.m.d,1216,1.756578947368421
ur.m.q,204,1.2647058823529411
ur.q,208,1.6634615384615385
usability.m,1202,1.2512479201331115
usability.m.m,1768,7.464932126696833
uz,47700,4.712746331236898
uz.b,106,1.4150943396226414
uz.d,3058,3.4126880313930674
uz.m,176661,10.346239407679114
uz.m.b,66,1.9696969696969697
uz.m.d,8399,1.6260269079652339
uz.m.q,193,3.4870466321243523
uz.q,183,1.9289617486338797
ve,495,6.284848484848485
ve.m,564,3.8652482269503547
ve.m.m,5,1.4
vec,5989,2.178159959926532
vec.d,273,2.7216117216117217
vec.m,7821,1.1168648510420662
vec.m.d,298,1.1140939597315436
vec.m.s,1838,1.060935799782372
vec.s,1815,1.5663911845730027
vep,2121,2.7284299858557284
vep.m,2779,1.327455919395466
vi,659404,20.01296625437516
vi.b,2670,2.4689138576779026
vi.d,25816,8.515029439107531
vi.m,1671215,186.62937862573037
vi.m.b,6895,16.79666424945613
vi.m.d,41178,3.1678566224683085
vi.m.q,1050,2.059047619047619
vi.m.s,11280,4.67322695035461
vi.m.voy,717,1.6415620641562063
vi.q,979,3.459652706843718
vi.s,3302,1.7698364627498486
vi.voy,1007,3.6971201588877856
vls,2126,2.5644402634054564
vls.m,2982,1.2132796780684105
vo,4092,2.2160312805474094
vo.b,31,2.4193548387096775
vo.d,430,4.920930232558139
vo.m,2375,1.2021052631578948
vo.m.b,29,1.6896551724137931
vo.m.d,544,1.0735294117647058
vo.m.q,14,1.2857142857142858
vo.q,52,2.5384615384615383
wa,2566,2.5206547155105223
wa.b,39,1.0512820512820513
wa.d,1402,2.2710413694721825
wa.m,1415,1.3674911660777385
wa.m.b,11,1.9090909090909092
wa.m.d,1572,1.3625954198473282
wa.m.s,657,1.0243531202435312
wa.s,527,1.2618595825426946
war,10587,1.612260319259469
war.m,5895,1.2493638676844783
wb.m,35,1.2857142857142858
wb.m.m,9,1.4444444444444444
wg-en,11,2.272727272727273
wikimania.m,7779,5.440416505977632
wikimania.m.m,5772,2.1576576576576576
wikitech.m,12715,33.1252064490759
wo,931,3.7089151450053706
wo.d,187,4.550802139037433
wo.m,314,1.3694267515923566
wo.m.d,106,1.169811320754717
wo.m.q,21,1
wo.q,14,1
wuu,14306,2.104431706976094
wuu.m,16960,1.8404481132075472
www.s,15389,39.519072064461625
www.w,142618,52.74585255718072
www.wd,689969,41.880114903713064
xal,1027,4.078870496592016
xal.m,450,1.7377777777777779
xh,1672,4.931818181818182
xh.b,16,1.875
xh.d,42,3
xh.m,4836,7.7216708023159635
xh.m.b,11,1.5454545454545454
xh.m.d,13,1.3076923076923077
xmf,4139,2.509543367963276
xmf.m,4543,1.7875852960598724
yi,5701,2.634099280827925
yi.d,283,4.978798586572438
yi.m,2484,1.391304347826087
yi.m.d,101,1.1782178217821782
yi.m.s,1336,1.0793413173652695
yi.s,626,2.2172523961661343
yo,5926,1.704691191360108
yo.b,38,2.8421052631578947
yo.d,35,1.6285714285714286
yo.m,16922,1.0684316274672025
yo.m.b,35,2.085714285714286
yo.m.d,28,1
yue.d,537,1.8119180633147114
yue.m.d,897,1.2675585284280937
za,1366,3.5241581259150805
za.b,33,1.121212121212121
za.d,110,3.981818181818182
za.m,399,1.456140350877193
za.m.b,26,1.3076923076923077
za.m.d,81,1.1481481481481481
za.m.q,18,1
za.q,43,1.0465116279069768
zea,1695,3.895575221238938
zea.m,1181,1.2641828958509738
zgh,965,3.225906735751295
zgh.m,1273,1.5860172820109977
zh,6634818,235.62655705099974
zh-classical,62999,35.781599707931875
zh-classical.m,5646,1.3333333333333333
zh-min-nan,13761,2.450766659399753
zh-min-nan.b,45,1.3111111111111111
zh-min-nan.d,554,4.277978339350181
zh-min-nan.m,73119,1.0553071021211997
zh-min-nan.m.b,38,1.1578947368421053
zh-min-nan.m.d,721,1.0998613037447988
zh-min-nan.m.q,33,1.0606060606060606
zh-min-nan.m.s,844,1.033175355450237
zh-min-nan.q,62,2.3548387096774195
zh-min-nan.s,627,1.6634768740031898
zh-yue,47969,2.054973003398028
zh-yue.m,94052,5.03049376940416
zh.b,73550,34.17528212100612
zh.d,261753,1.288073107089508
zh.m,9407312,748.5783331093941
zh.m.b,72737,6.891444519295544
zh.m.d,145998,1.4899245195139659
zh.m.n,3668,1.8882224645583425
zh.m.q,23539,4.431241768979141
zh.m.s,155121,2.06234487915885
zh.m.v,31970,8.020456678135753
zh.m.voy,20948,2.5881229711666984
zh.n,23145,26.496046662346078
zh.q,9494,2.188961449336423
zh.s,125516,35.86258325631792
zh.v,9040,2.82787610619469
zh.voy,52807,4.8098358172212015
zu,4928,3.5255681818181817
zu.b,27,1.5185185185185186
zu.d,204,4.921568627450981
zu.m,14872,26.155863367401828
zu.m.b,28,1.2142857142857142
zu.m.d,104,2.1346153846153846
